stem	status	snap_res_px	n_visible_kp
nbacourt_0005_frame_0000_png.rf.0d16c8	KEPT	5.63	8
nbacourt_0007_frame_0000_png.rf.0ecfe3	KEPT	4.91	10
nbacourt_0009_frame_0000_png.rf.14c3b0	KEPT	4.51	8
nbacourt_0617_frame_0003_png.rf.62b951	KEPT	4.01	8
nbacourt_0635_frame_0003_png.rf.728424	KEPT	4.01	8
nbacourt_2183_frame_0001_png.rf.eb8a7b	KEPT	3.94	11
nbacourt_0382_frame_0002_png.rf.494ea3	KEPT	3.88	9
nbacourt_2011_frame_0002_png.rf.762091	KEPT	3.73	10
nbacourt_1973_frame_0033_png.rf.619944	KEPT	3.61	9
nbacourt_0014_frame_0000_png.rf.1e07f8	KEPT	3.57	12
nbacourt_1750_frame_0010_png.rf.fecdee	KEPT	3.51	11
nbacourt_0341_frame_0002_png.rf.0ea98a	KEPT	3.51	10
nbacourt_1971_frame_0033_png.rf.08b7d5	KEPT	3.47	9
nbacourt_2227_frame_0007_png.rf.16c73f	KEPT	3.44	13
nbacourt_0376_frame_0002_png.rf.42e780	KEPT	3.40	10
nbacourt_2136_frame_0009_png.rf.ef7527	KEPT	3.38	13
nbacourt_1972_frame_0033_png.rf.3b5796	KEPT	3.38	9
nbacourt_1661_frame_0009_png.rf.9f9448	KEPT	3.37	13
nbacourt_1818_frame_0012_png.rf.ba4f29	KEPT	3.34	15
nbacourt_1792_frame_0011_png.rf.d0b4eb	KEPT	3.32	12
nbacourt_0636_frame_0003_png.rf.752c7d	KEPT	3.30	9
nbacourt_1740_frame_0010_png.rf.c1337f	KEPT	3.24	12
nbacourt_1720_frame_0010_png.rf.71f6c7	KEPT	3.24	11
nbacourt_1125_frame_0005_png.rf.cd1939	KEPT	3.23	14
nbacourt_1770_frame_0011_png.rf.5fbc03	KEPT	3.22	12
nbacourt_1635_frame_0009_png.rf.5fe3ac	KEPT	3.21	13
nbacourt_0206_frame_0001_png.rf.578463	KEPT	3.21	10
nbacourt_1029_frame_0005_png.rf.63b7e0	KEPT	3.20	14
nbacourt_0646_frame_0003_png.rf.84e6c7	KEPT	3.16	8
nbacourt_1422_frame_0007_png.rf.98cf85	KEPT	3.12	14
nbacourt_0161_frame_0001_png.rf.181d3d	KEPT	3.12	8
nbacourt_1754_frame_0011_png.rf.0c7a32	KEPT	3.08	12
nbacourt_1345_frame_0007_png.rf.0b0887	KEPT	3.04	14
nbacourt_2196_frame_0003_png.rf.b3689c	KEPT	2.97	8
nbacourt_0112_frame_0000_png.rf.d093c1	KEPT	2.97	9
nbacourt_0364_frame_0002_png.rf.3632bc	KEPT	2.93	9
nbacourt_2259_frame_0022_png.rf.6957f5	KEPT	2.90	8
nbacourt_0008_frame_0000_png.rf.10f56d	KEPT	2.90	14
nbacourt_0415_frame_0002_png.rf.73b915	KEPT	2.89	15
nbacourt_1796_frame_0011_png.rf.e12f7e	KEPT	2.88	15
nbacourt_0118_frame_0000_png.rf.dd3f64	KEPT	2.88	15
nbacourt_1691_frame_0009_png.rf.fe7bdc	KEPT	2.88	13
nbacourt_0687_frame_0003_png.rf.b96cc2	KEPT	2.87	13
nbacourt_1751_frame_0010_png.rf.fee5a5	KEPT	2.85	12
nbacourt_2146_frame_0011_png.rf.6ec901	KEPT	2.84	10
nbacourt_1449_frame_0007_png.rf.be21a0	KEPT	2.82	14
nbacourt_1026_frame_0005_png.rf.6118b3	KEPT	2.76	14
nbacourt_0354_frame_0002_png.rf.260540	KEPT	2.74	9
nbacourt_0949_frame_0005_png.rf.00ab37	KEPT	2.74	14
nbacourt_0422_frame_0002_png.rf.7b8849	KEPT	2.69	15
nbacourt_0516_frame_0002_png.rf.e96aa8	KEPT	2.68	15
nbacourt_0526_frame_0002_png.rf.f6a34d	KEPT	2.67	15
nbacourt_0461_frame_0002_png.rf.acc81a	KEPT	2.65	15
nbacourt_1962_frame_0029_png.rf.8e1a88	KEPT	2.64	11
nbacourt_0408_frame_0002_png.rf.6bb503	KEPT	2.63	10
nbacourt_0070_frame_0000_png.rf.8717c6	KEPT	2.63	15
nbacourt_0438_frame_0002_png.rf.8ba69d	KEPT	2.61	12
nbacourt_0597_frame_0003_png.rf.4c88f1	KEPT	2.61	13
nbacourt_0802_frame_0004_png.rf.48c439	KEPT	2.60	12
nbacourt_2039_frame_0003_png.rf.e72f4c	KEPT	2.60	13
nbacourt_1081_frame_0005_png.rf.a7a1a7	KEPT	2.59	14
nbacourt_1964_frame_0029_png.rf.e7e8d7	KEPT	2.59	11
nbacourt_1606_frame_0009_png.rf.06fd6c	KEPT	2.58	16
nbacourt_1795_frame_0011_png.rf.d5a9fc	KEPT	2.55	15
nbacourt_0018_frame_0000_png.rf.1fa5d8	KEPT	2.55	10
nbacourt_0255_frame_0001_png.rf.9d56a3	KEPT	2.55	8
nbacourt_1731_frame_0010_png.rf.a2bccf	KEPT	2.55	17
nbacourt_0996_frame_0005_png.rf.31af73	KEPT	2.52	14
nbacourt_1732_frame_0010_png.rf.a56c33	KEPT	2.52	9
nbacourt_0192_frame_0001_png.rf.4542ee	KEPT	2.52	14
nbacourt_1616_frame_0009_png.rf.2f0a33	KEPT	2.51	14
nbacourt_0427_frame_0002_png.rf.860913	KEPT	2.51	14
nbacourt_1350_frame_0007_png.rf.107a06	KEPT	2.50	15
nbacourt_1428_frame_0007_png.rf.9de229	KEPT	2.50	14
nbacourt_1457_frame_0007_png.rf.c94ecb	KEPT	2.50	15
nbacourt_0748_frame_0004_png.rf.06fb05	KEPT	2.50	13
nbacourt_1194_frame_0006_png.rf.20afa7	KEPT	2.50	10
nbacourt_1201_frame_0006_png.rf.3293d7	KEPT	2.50	10
nbacourt_1704_frame_0010_png.rf.2cf310	KEPT	2.50	17
nbacourt_1479_frame_0007_png.rf.f07435	KEPT	2.50	15
nbacourt_0395_frame_0002_png.rf.57903b	KEPT	2.50	10
nbacourt_0853_frame_0004_png.rf.7c7308	KEPT	2.50	13
nbacourt_1288_frame_0006_png.rf.c5b19a	KEPT	2.50	13
nbacourt_1243_frame_0006_png.rf.75baa7	KEPT	2.49	13
nbacourt_0608_frame_0003_png.rf.5aeeb7	KEPT	2.49	15
nbacourt_1247_frame_0006_png.rf.8122c2	KEPT	2.49	13
nbacourt_0159_frame_0001_png.rf.177d5f	KEPT	2.49	14
nbacourt_0196_frame_0001_png.rf.49aee8	KEPT	2.49	8
nbacourt_0137_frame_0000_png.rf.fb20a7	KEPT	2.49	10
nbacourt_0077_frame_0000_png.rf.94df6a	KEPT	2.48	10
nbacourt_0529_frame_0002_png.rf.f8c9db	KEPT	2.47	10
nbacourt_1221_frame_0006_png.rf.4bad2c	KEPT	2.47	13
nbacourt_1234_frame_0006_png.rf.61669a	KEPT	2.47	10
nbacourt_0202_frame_0001_png.rf.5388e7	KEPT	2.47	14
nbacourt_2081_frame_0006_png.rf.6cd689	KEPT	2.46	9
nbacourt_1961_frame_0028_png.rf.983dea	KEPT	2.46	11
nbacourt_1963_frame_0029_png.rf.ddb41a	KEPT	2.45	11
nbacourt_0082_frame_0000_png.rf.a20b71	KEPT	2.45	10
nbacourt_1930_frame_0019_png.rf.bb8a27	SNAPPED	2.45	13
nbacourt_0841_frame_0004_png.rf.717159	KEPT	2.44	10
nbacourt_0602_frame_0003_png.rf.55c93e	KEPT	2.42	13
nbacourt_1324_frame_0006_png.rf.eebc8c	KEPT	2.42	14
nbacourt_0236_frame_0001_png.rf.808ee5	KEPT	2.41	14
nbacourt_0896_frame_0004_png.rf.b185a7	KEPT	2.40	10
nbacourt_1639_frame_0009_png.rf.6d3774	KEPT	2.39	16
nbacourt_0916_frame_0004_png.rf.d5ee98	KEPT	2.39	13
nbacourt_2190_frame_0002_png.rf.a97c5a	KEPT	2.39	12
nbacourt_0210_frame_0001_png.rf.597f9c	KEPT	2.39	12
nbacourt_0810_frame_0004_png.rf.54bafe	KEPT	2.39	13
nbacourt_0054_frame_0000_png.rf.6bb03a	KEPT	2.38	10
nbacourt_1303_frame_0006_png.rf.d5cd2a	KEPT	2.38	9
nbacourt_0976_frame_0005_png.rf.1ab246	KEPT	2.38	11
nbacourt_0798_frame_0004_png.rf.453d8b	KEPT	2.38	16
nbacourt_1582_frame_0008_png.rf.cb885c	KEPT	2.38	15
nbacourt_0781_frame_0004_png.rf.2aec5f	KEPT	2.36	14
nbacourt_1960_frame_0028_png.rf.777260	KEPT	2.36	11
nbacourt_1208_frame_0006_png.rf.402409	KEPT	2.33	13
nbacourt_1198_frame_0006_png.rf.2cb0cf	KEPT	2.33	13
nbacourt_1038_frame_0005_png.rf.6e6018	KEPT	2.33	11
nbacourt_1203_frame_0006_png.rf.35f910	KEPT	2.33	11
nbacourt_0783_frame_0004_png.rf.2bcb00	KEPT	2.32	14
nbacourt_1664_frame_0009_png.rf.ad7a87	KEPT	2.31	16
nbacourt_0689_frame_0003_png.rf.bcfa31	KEPT	2.30	15
nbacourt_0217_frame_0001_png.rf.64440e	KEPT	2.30	14
nbacourt_0845_frame_0004_png.rf.73cdd2	KEPT	2.29	13
nbacourt_1753_frame_0011_png.rf.0b269b	KEPT	2.29	15
nbacourt_1746_frame_0010_png.rf.d66f34	KEPT	2.29	9
nbacourt_2091_frame_0006_png.rf.c52745	KEPT	2.28	14
nbacourt_1185_frame_0006_png.rf.0fd33c	KEPT	2.28	13
nbacourt_0764_frame_0004_png.rf.18410f	KEPT	2.28	13
nbacourt_1974_frame_0035_png.rf.4baaac	KEPT	2.28	11
nbacourt_0813_frame_0004_png.rf.556692	KEPT	2.27	13
nbacourt_0685_frame_0003_png.rf.b6aa29	KEPT	2.27	9
nbacourt_0321_frame_0001_png.rf.fa9a9d	KEPT	2.26	14
nbacourt_0766_frame_0004_png.rf.1acdae	KEPT	2.26	15
nbacourt_0877_frame_0004_png.rf.a010bd	KEPT	2.26	13
nbacourt_1588_frame_0008_png.rf.dadc67	KEPT	2.25	15
nbacourt_1730_frame_0010_png.rf.9c1424	KEPT	2.25	12
nbacourt_0720_frame_0003_png.rf.d8bcd3	KEPT	2.25	13
nbacourt_1545_frame_0008_png.rf.6e0878	KEPT	2.24	15
nbacourt_1786_frame_0011_png.rf.b63a2c	KEPT	2.24	14
nbacourt_1321_frame_0006_png.rf.e9ebd5	KEPT	2.23	13
nbacourt_1737_frame_0010_png.rf.b13e71	KEPT	2.23	12
nbacourt_1216_frame_0006_png.rf.464072	KEPT	2.23	15
nbacourt_1328_frame_0006_png.rf.f42588	KEPT	2.22	15
nbacourt_1760_frame_0011_png.rf.286343	KEPT	2.21	10
nbacourt_0551_frame_0003_png.rf.1330af	KEPT	2.20	12
nbacourt_0776_frame_0004_png.rf.275a61	KEPT	2.18	10
nbacourt_1755_frame_0011_png.rf.118575	KEPT	2.18	15
nbacourt_1778_frame_0011_png.rf.8d9f1d	KEPT	2.18	15
nbacourt_1602_frame_0008_png.rf.fdd571	KEPT	2.18	9
nbacourt_0792_frame_0004_png.rf.3e951c	KEPT	2.18	10
nbacourt_1847_frame_0013_png.rf.a5c0fe	KEPT	2.17	14
nbacourt_1042_frame_0005_png.rf.72afb0	KEPT	2.17	11
nbacourt_1709_frame_0010_png.rf.4f30e0	KEPT	2.16	15
nbacourt_0865_frame_0004_png.rf.8bb0b5	KEPT	2.16	12
nbacourt_1927_frame_0019_png.rf.93adac	SNAPPED	2.15	13
nbacourt_0719_frame_0003_png.rf.d7e05e	KEPT	2.15	13
nbacourt_1537_frame_0008_png.rf.5ccebc	KEPT	2.14	9
nbacourt_1196_frame_0006_png.rf.25bd13	KEPT	2.14	13
nbacourt_1773_frame_0011_png.rf.770271	KEPT	2.14	14
nbacourt_1697_frame_0010_png.rf.1804df	KEPT	2.13	12
nbacourt_0749_frame_0004_png.rf.093f0a	KEPT	2.13	14
nbacourt_2165_frame_0021_png.rf.8a94d8	KEPT	2.13	10
nbacourt_2198_frame_0003_png.rf.ca6d92	KEPT	2.12	11
nbacourt_1612_frame_0009_png.rf.15ccfe	KEPT	2.11	16
nbacourt_0797_frame_0004_png.rf.44797c	KEPT	2.11	16
nbacourt_2157_frame_0015_png.rf.1bff98	KEPT	2.10	12
nbacourt_0593_frame_0003_png.rf.4a7dde	KEPT	2.10	16
nbacourt_1265_frame_0006_png.rf.9adefa	KEPT	2.08	13
nbacourt_1226_frame_0006_png.rf.50d65a	KEPT	2.07	13
nbacourt_1699_frame_0010_png.rf.1be806	KEPT	2.07	9
nbacourt_1636_frame_0009_png.rf.66a7da	KEPT	2.07	14
nbacourt_1968_frame_0031_png.rf.578c6e	KEPT	2.07	12
nbacourt_1390_frame_0007_png.rf.489d61	KEPT	2.07	10
nbacourt_1408_frame_0007_png.rf.77042a	KEPT	2.06	14
nbacourt_0772_frame_0004_png.rf.21840e	KEPT	2.05	15
nbacourt_1474_frame_0007_png.rf.e9d502	KEPT	2.04	11
nbacourt_0163_frame_0001_png.rf.1c0416	KEPT	2.04	15
nbacourt_1557_frame_0008_png.rf.853645	KEPT	2.03	15
nbacourt_1919_frame_0018_png.rf.f6ad7d	KEPT	2.03	15
nbacourt_0707_frame_0003_png.rf.cccb7e	KEPT	2.03	15
nbacourt_0445_frame_0002_png.rf.94ec2a	KEPT	2.03	20
nbacourt_0186_frame_0001_png.rf.3e5056	KEPT	2.03	15
nbacourt_1774_frame_0011_png.rf.7bf6f2	KEPT	2.03	10
nbacourt_0812_frame_0004_png.rf.5543b2	KEPT	2.03	13
nbacourt_0800_frame_0004_png.rf.4750f4	KEPT	2.03	15
nbacourt_0102_frame_0000_png.rf.c08217	KEPT	2.03	14
nbacourt_1229_frame_0006_png.rf.5c34bc	KEPT	2.02	12
nbacourt_1969_frame_0031_png.rf.6bbbca	KEPT	2.02	12
nbacourt_0124_frame_0000_png.rf.e6acf8	KEPT	2.01	10
nbacourt_0801_frame_0004_png.rf.4769be	KEPT	2.01	13
nbacourt_0253_frame_0001_png.rf.99aa92	KEPT	2.01	16
nbacourt_0657_frame_0003_png.rf.968ffa	KEPT	2.00	13
nbacourt_1434_frame_0007_png.rf.a3980e	KEPT	2.00	14
nbacourt_0425_frame_0002_png.rf.85b17d	KEPT	2.00	15
nbacourt_1148_frame_0005_png.rf.eaa329	KEPT	1.99	9
nbacourt_1976_frame_0035_png.rf.fe0bd4	KEPT	1.99	11
nbacourt_1846_frame_0013_png.rf.91588b	KEPT	1.99	15
nbacourt_1357_frame_0007_png.rf.1ba7c0	KEPT	1.99	11
nbacourt_1233_frame_0006_png.rf.604ad6	KEPT	1.99	9
nbacourt_1402_frame_0007_png.rf.644b7a	KEPT	1.98	11
nbacourt_1975_frame_0035_png.rf.65b646	KEPT	1.98	11
nbacourt_2060_frame_0005_png.rf.00c43a	KEPT	1.98	15
nbacourt_2137_frame_0010_png.rf.123aa8	KEPT	1.97	14
nbacourt_1240_frame_0006_png.rf.6c3bf1	KEPT	1.97	9
nbacourt_0918_frame_0004_png.rf.d81b43	KEPT	1.96	16
nbacourt_1297_frame_0006_png.rf.d1bb5a	KEPT	1.96	13
nbacourt_0777_frame_0004_png.rf.278e4d	KEPT	1.96	15
nbacourt_1448_frame_0007_png.rf.bd80b0	KEPT	1.96	10
nbacourt_1119_frame_0005_png.rf.c920ac	KEPT	1.95	14
nbacourt_1367_frame_0007_png.rf.2a8b03	KEPT	1.95	14
nbacourt_1762_frame_0011_png.rf.4686fa	KEPT	1.95	10
nbacourt_0209_frame_0001_png.rf.58bb3a	KEPT	1.95	13
nbacourt_1473_frame_0007_png.rf.e953d0	KEPT	1.95	10
nbacourt_0393_frame_0002_png.rf.555a2d	KEPT	1.95	16
nbacourt_0197_frame_0001_png.rf.49c02e	KEPT	1.94	15
nbacourt_1019_frame_0005_png.rf.50ac4a	KEPT	1.93	14
nbacourt_1777_frame_0011_png.rf.842bc5	KEPT	1.93	10
nbacourt_0704_frame_0003_png.rf.c7d636	KEPT	1.93	16
nbacourt_1978_frame_0036_png.rf.be8ec8	KEPT	1.93	10
nbacourt_1389_frame_0007_png.rf.477bbd	KEPT	1.93	15
nbacourt_0329_frame_0002_png.rf.0163d6	KEPT	1.92	12
nbacourt_1393_frame_0007_png.rf.4f06d2	KEPT	1.92	13
nbacourt_0935_frame_0004_png.rf.ed1298	KEPT	1.91	16
nbacourt_1914_frame_0018_png.rf.7fed67	KEPT	1.91	15
nbacourt_1701_frame_0010_png.rf.20af43	KEPT	1.90	15
nbacourt_0746_frame_0004_png.rf.04b1be	KEPT	1.90	13
nbacourt_1595_frame_0008_png.rf.e91896	KEPT	1.90	12
nbacourt_0843_frame_0004_png.rf.73ad50	KEPT	1.88	12
nbacourt_1258_frame_0006_png.rf.8b6c4e	KEPT	1.88	13
nbacourt_0814_frame_0004_png.rf.55b35f	KEPT	1.88	10
nbacourt_1266_frame_0006_png.rf.9dd03f	KEPT	1.88	11
nbacourt_0750_frame_0004_png.rf.0a04c4	KEPT	1.88	12
nbacourt_1496_frame_0008_png.rf.0b5b73	KEPT	1.87	15
nbacourt_2192_frame_0003_png.rf.2782c8	KEPT	1.87	16
nbacourt_0794_frame_0004_png.rf.424936	KEPT	1.87	13
nbacourt_2231_frame_0007_png.rf.abbdbb	KEPT	1.86	15
nbacourt_1804_frame_0012_png.rf.1f5dc5	KEPT	1.86	11
nbacourt_1816_frame_0012_png.rf.ac1c81	KEPT	1.86	15
nbacourt_0885_frame_0004_png.rf.a99116	KEPT	1.85	13
nbacourt_2204_frame_0004_png.rf.24b483	KEPT	1.85	11
nbacourt_1311_frame_0006_png.rf.dd4d77	KEPT	1.85	9
nbacourt_1399_frame_0007_png.rf.5b832c	KEPT	1.85	13
nbacourt_1791_frame_0011_png.rf.d04fe8	KEPT	1.85	15
nbacourt_2014_frame_0002_png.rf.8828dc	KEPT	1.84	15
nbacourt_1016_frame_0005_png.rf.4df2c4	KEPT	1.84	9
nbacourt_1364_frame_0007_png.rf.294954	KEPT	1.84	14
nbacourt_0506_frame_0002_png.rf.e02054	KEPT	1.84	18
nbacourt_0473_frame_0002_png.rf.b7ba9d	KEPT	1.84	12
nbacourt_0203_frame_0001_png.rf.54812f	KEPT	1.84	10
nbacourt_1506_frame_0008_png.rf.1a013d	KEPT	1.84	11
nbacourt_1306_frame_0006_png.rf.d704bd	KEPT	1.83	14
nbacourt_1923_frame_0019_png.rf.3e216e	SNAPPED	1.83	12
nbacourt_0834_frame_0004_png.rf.6bb0be	KEPT	1.83	15
nbacourt_0954_frame_0005_png.rf.043da4	KEPT	1.83	13
nbacourt_1238_frame_0006_png.rf.68470a	KEPT	1.82	11
nbacourt_1232_frame_0006_png.rf.5e8642	KEPT	1.82	11
nbacourt_2235_frame_0008_png.rf.b35723	KEPT	1.82	10
nbacourt_0908_frame_0004_png.rf.c6e91f	KEPT	1.82	14
nbacourt_0920_frame_0004_png.rf.dad5bb	KEPT	1.81	15
nbacourt_0444_frame_0002_png.rf.9255a8	KEPT	1.81	15
nbacourt_1970_frame_0031_png.rf.93ca91	KEPT	1.81	12
nbacourt_1013_frame_0005_png.rf.4af3d1	KEPT	1.81	13
nbacourt_2243_frame_0010_png.rf.916441	KEPT	1.80	9
nbacourt_0855_frame_0004_png.rf.7ef791	KEPT	1.80	15
nbacourt_1977_frame_0036_png.rf.159ae8	KEPT	1.80	10
nbacourt_2082_frame_0006_png.rf.80a599	KEPT	1.79	10
nbacourt_1951_frame_0024_png.rf.0e6f62	KEPT	1.78	10
nbacourt_0931_frame_0004_png.rf.e95a32	KEPT	1.78	15
nbacourt_1280_frame_0006_png.rf.b70486	KEPT	1.78	14
nbacourt_0773_frame_0004_png.rf.220d82	KEPT	1.77	15
nbacourt_0204_frame_0001_png.rf.54b766	KEPT	1.77	14
nbacourt_1065_frame_0005_png.rf.8b0c14	KEPT	1.77	13
nbacourt_0758_frame_0004_png.rf.131e2b	KEPT	1.77	9
nbacourt_0911_frame_0004_png.rf.c8e44b	KEPT	1.76	15
nbacourt_0769_frame_0004_png.rf.1e0c93	KEPT	1.76	15
nbacourt_1716_frame_0010_png.rf.697ea1	KEPT	1.76	15
nbacourt_1045_frame_0005_png.rf.78ae41	KEPT	1.76	13
nbacourt_1742_frame_0010_png.rf.c289d3	KEPT	1.75	15
nbacourt_1158_frame_0005_png.rf.f3a016	KEPT	1.75	14
nbacourt_1379_frame_0007_png.rf.3a426f	KEPT	1.75	10
nbacourt_0011_frame_0000_png.rf.1a02b3	KEPT	1.75	13
nbacourt_0103_frame_0000_png.rf.c09147	KEPT	1.75	11
nbacourt_0489_frame_0002_png.rf.cc0bc6	KEPT	1.75	18
nbacourt_1469_frame_0007_png.rf.e45908	KEPT	1.74	13
nbacourt_2015_frame_0002_png.rf.9924bf	KEPT	1.74	11
nbacourt_1724_frame_0010_png.rf.834bd6	KEPT	1.74	15
nbacourt_1030_frame_0005_png.rf.63ff8d	KEPT	1.74	14
nbacourt_2066_frame_0005_png.rf.8286ac	KEPT	1.74	14
nbacourt_1095_frame_0005_png.rf.b28741	KEPT	1.73	9
nbacourt_0309_frame_0001_png.rf.e9382c	KEPT	1.73	16
nbacourt_1584_frame_0008_png.rf.d11b3b	KEPT	1.73	15
nbacourt_1858_frame_0014_png.rf.1c71ae	KEPT	1.73	10
nbacourt_2084_frame_0006_png.rf.90210b	KEPT	1.73	14
nbacourt_1950_frame_0024_png.rf.09450c	KEPT	1.73	10
nbacourt_1782_frame_0011_png.rf.a2276f	KEPT	1.73	10
nbacourt_1563_frame_0008_png.rf.a379a2	KEPT	1.73	9
nbacourt_0763_frame_0004_png.rf.177304	KEPT	1.72	13
nbacourt_2036_frame_0003_png.rf.d46a6c	KEPT	1.72	15
nbacourt_1223_frame_0006_png.rf.4c8d85	KEPT	1.71	15
nbacourt_1215_frame_0006_png.rf.4568c0	KEPT	1.70	11
nbacourt_1214_frame_0006_png.rf.4559cf	KEPT	1.70	14
nbacourt_0974_frame_0005_png.rf.176404	KEPT	1.70	15
nbacourt_0947_frame_0004_png.rf.ffda48	KEPT	1.70	16
nbacourt_0900_frame_0004_png.rf.b8bbf7	KEPT	1.70	16
nbacourt_1674_frame_0009_png.rf.c43ebf	KEPT	1.69	14
nbacourt_1188_frame_0006_png.rf.19787e	KEPT	1.68	9
nbacourt_1765_frame_0011_png.rf.555a9b	KEPT	1.68	10
nbacourt_0492_frame_0002_png.rf.cf4f37	KEPT	1.68	12
nbacourt_1409_frame_0007_png.rf.7a2d1a	KEPT	1.67	10
nbacourt_0307_frame_0001_png.rf.e810d7	KEPT	1.66	16
nbacourt_0505_frame_0002_png.rf.e000b1	SNAPPED	1.66	18
nbacourt_0199_frame_0001_png.rf.4f3c08	KEPT	1.66	13
nbacourt_0271_frame_0001_png.rf.b04f44	KEPT	1.66	13
nbacourt_1049_frame_0005_png.rf.7b82ed	KEPT	1.65	12
nbacourt_1175_frame_0005_png.rf.ff86fe	KEPT	1.65	12
nbacourt_1647_frame_0009_png.rf.835d44	KEPT	1.65	16
nbacourt_0815_frame_0004_png.rf.577988	KEPT	1.65	13
nbacourt_1413_frame_0007_png.rf.7ce1be	KEPT	1.64	13
nbacourt_2248_frame_0011_png.rf.17c9a9	KEPT	1.63	10
nbacourt_1365_frame_0007_png.rf.297cec	KEPT	1.63	13
nbacourt_1656_frame_0009_png.rf.8f4715	KEPT	1.63	14
nbacourt_0942_frame_0004_png.rf.f68cba	KEPT	1.62	14
nbacourt_0745_frame_0004_png.rf.02304b	KEPT	1.62	12
nbacourt_0901_frame_0004_png.rf.ba9a20	KEPT	1.62	13
nbacourt_1312_frame_0006_png.rf.e132a0	KEPT	1.62	15
nbacourt_0944_frame_0004_png.rf.f8da3e	KEPT	1.62	9
nbacourt_1915_frame_0018_png.rf.b7ef11	KEPT	1.62	9
nbacourt_1146_frame_0005_png.rf.e908b0	KEPT	1.61	15
nbacourt_1354_frame_0007_png.rf.16b6ec	KEPT	1.61	10
nbacourt_0839_frame_0004_png.rf.6fbdb3	KEPT	1.61	12
nbacourt_0929_frame_0004_png.rf.e708db	KEPT	1.61	15
nbacourt_0592_frame_0003_png.rf.491c15	KEPT	1.61	15
nbacourt_1491_frame_0008_png.rf.00b069	KEPT	1.61	11
nbacourt_0804_frame_0004_png.rf.497932	SNAPPED	1.60	15
nbacourt_2189_frame_0002_png.rf.773e07	KEPT	1.59	15
nbacourt_1341_frame_0007_png.rf.090380	KEPT	1.59	10
nbacourt_0833_frame_0004_png.rf.6a855f	KEPT	1.59	16
nbacourt_1253_frame_0006_png.rf.85b5c3	KEPT	1.58	13
nbacourt_1523_frame_0008_png.rf.3f6b85	KEPT	1.58	13
nbacourt_0999_frame_0005_png.rf.3571e1	KEPT	1.58	14
nbacourt_1654_frame_0009_png.rf.8a1d1f	KEPT	1.58	14
nbacourt_1659_frame_0009_png.rf.99f109	KEPT	1.58	14
nbacourt_0109_frame_0000_png.rf.cb902a	KEPT	1.58	15
nbacourt_1608_frame_0009_png.rf.0e6688	KEPT	1.58	14
nbacourt_1617_frame_0009_png.rf.2f71b5	KEPT	1.58	14
nbacourt_0803_frame_0004_png.rf.490857	KEPT	1.58	14
nbacourt_2006_frame_0001_png.rf.f5db19	KEPT	1.57	13
nbacourt_0883_frame_0004_png.rf.a89714	KEPT	1.57	15
nbacourt_0958_frame_0005_png.rf.0a6650	KEPT	1.56	12
nbacourt_1683_frame_0009_png.rf.e5f602	KEPT	1.56	15
nbacourt_0730_frame_0003_png.rf.e642e8	KEPT	1.56	14
nbacourt_1768_frame_0011_png.rf.5d7c4a	KEPT	1.56	11
nbacourt_0470_frame_0002_png.rf.b3bff8	KEPT	1.56	15
nbacourt_1527_frame_0008_png.rf.457e6d	KEPT	1.55	13
nbacourt_1764_frame_0011_png.rf.54b0ff	KEPT	1.55	11
nbacourt_1829_frame_0012_png.rf.fc94a2	KEPT	1.55	15
nbacourt_1454_frame_0007_png.rf.c25f0a	KEPT	1.55	11
nbacourt_0724_frame_0003_png.rf.dcdcb9	KEPT	1.54	16
nbacourt_1023_frame_0005_png.rf.5bf1fb	KEPT	1.54	12
nbacourt_0167_frame_0001_png.rf.20e4ac	KEPT	1.54	9
nbacourt_1211_frame_0006_png.rf.444597	KEPT	1.54	13
nbacourt_0231_frame_0001_png.rf.785c4e	KEPT	1.54	13
nbacourt_0816_frame_0004_png.rf.5861f1	KEPT	1.54	12
nbacourt_0190_frame_0001_png.rf.424efb	KEPT	1.53	18
nbacourt_0338_frame_0002_png.rf.0b3a86	KEPT	1.53	14
nbacourt_2068_frame_0005_png.rf.9ab20e	KEPT	1.53	13
nbacourt_0610_frame_0003_png.rf.5bf17d	KEPT	1.52	16
nbacourt_1688_frame_0009_png.rf.f06b37	KEPT	1.52	15
nbacourt_0246_frame_0001_png.rf.91dc33	KEPT	1.52	18
nbacourt_1512_frame_0008_png.rf.258c5f	KEPT	1.52	12
nbacourt_1793_frame_0011_png.rf.d19050	KEPT	1.52	16
nbacourt_0216_frame_0001_png.rf.63d5b8	KEPT	1.52	18
nbacourt_0892_frame_0004_png.rf.ae5f2a	KEPT	1.52	12
nbacourt_1381_frame_0007_png.rf.3cdda8	KEPT	1.51	13
nbacourt_0233_frame_0001_png.rf.794eef	KEPT	1.51	12
nbacourt_0542_frame_0003_png.rf.0c46e4	KEPT	1.51	13
nbacourt_1430_frame_0007_png.rf.a02b38	KEPT	1.51	14
nbacourt_0634_frame_0003_png.rf.7236eb	KEPT	1.51	13
nbacourt_0693_frame_0003_png.rf.c0fd5b	KEPT	1.51	15
nbacourt_0563_frame_0003_png.rf.264dc6	KEPT	1.51	13
nbacourt_1952_frame_0024_png.rf.d46c0a	KEPT	1.51	10
nbacourt_1070_frame_0005_png.rf.959d61	KEPT	1.51	12
nbacourt_0560_frame_0003_png.rf.21dd8c	KEPT	1.51	14
nbacourt_1518_frame_0008_png.rf.3039c3	KEPT	1.51	11
nbacourt_1105_frame_0005_png.rf.b9574c	KEPT	1.50	12
nbacourt_1166_frame_0005_png.rf.fb73a4	KEPT	1.50	15
nbacourt_2012_frame_0002_png.rf.7ac2da	KEPT	1.50	14
nbacourt_1272_frame_0006_png.rf.a3aefc	KEPT	1.50	13
nbacourt_1192_frame_0006_png.rf.1efed9	KEPT	1.50	13
nbacourt_1477_frame_0007_png.rf.edd2b5	KEPT	1.50	14
nbacourt_2215_frame_0005_png.rf.a4ad0c	KEPT	1.50	10
nbacourt_0122_frame_0000_png.rf.e64600	KEPT	1.50	13
nbacourt_0317_frame_0001_png.rf.f76a90	KEPT	1.50	15
nbacourt_0905_frame_0004_png.rf.c45178	KEPT	1.50	13
nbacourt_1382_frame_0007_png.rf.3ea98b	KEPT	1.50	15
nbacourt_1461_frame_0007_png.rf.d25ba4	KEPT	1.50	13
nbacourt_0675_frame_0003_png.rf.ad75a9	KEPT	1.50	13
nbacourt_0818_frame_0004_png.rf.5b4a49	KEPT	1.50	15
nbacourt_1149_frame_0005_png.rf.ebe546	KEPT	1.50	15
nbacourt_1083_frame_0005_png.rf.a89051	KEPT	1.50	12
nbacourt_1509_frame_0008_png.rf.1e4a6f	KEPT	1.50	15
nbacourt_1062_frame_0005_png.rf.8955f4	KEPT	1.50	13
nbacourt_1056_frame_0005_png.rf.8424d7	KEPT	1.50	14
nbacourt_2213_frame_0005_png.rf.4b06dd	KEPT	1.50	15
nbacourt_0921_frame_0004_png.rf.db9cd4	KEPT	1.50	13
nbacourt_2150_frame_0012_png.rf.d1bd25	KEPT	1.50	18
nbacourt_2070_frame_0005_png.rf.a4fd1c	KEPT	1.50	16
nbacourt_1113_frame_0005_png.rf.c070e4	KEPT	1.50	11
nbacourt_0126_frame_0000_png.rf.e9071b	KEPT	1.50	15
nbacourt_0677_frame_0003_png.rf.ae64e5	KEPT	1.50	12
nbacourt_1392_frame_0007_png.rf.4ea6b8	KEPT	1.50	11
nbacourt_1106_frame_0005_png.rf.bb1a1f	KEPT	1.49	11
nbacourt_0912_frame_0004_png.rf.ca22af	KEPT	1.49	15
nbacourt_0173_frame_0001_png.rf.3154a4	SNAPPED	1.49	15
nbacourt_2056_frame_0004_png.rf.c870c8	KEPT	1.49	13
nbacourt_1758_frame_0011_png.rf.1ea54a	KEPT	1.49	16
nbacourt_2151_frame_0012_png.rf.e4a22c	KEPT	1.49	14
nbacourt_0358_frame_0002_png.rf.2e859e	KEPT	1.49	14
nbacourt_2159_frame_0015_png.rf.490970	KEPT	1.49	18
nbacourt_1003_frame_0005_png.rf.410350	KEPT	1.48	14
nbacourt_2154_frame_0013_png.rf.694735	KEPT	1.48	10
nbacourt_1538_frame_0008_png.rf.5d7224	KEPT	1.48	9
nbacourt_2245_frame_0010_png.rf.e0d4c3	KEPT	1.48	10
nbacourt_1261_frame_0006_png.rf.90eb3a	KEPT	1.48	13
nbacourt_1218_frame_0006_png.rf.4a0851	KEPT	1.48	15
nbacourt_0024_frame_0000_png.rf.27ee0b	KEPT	1.48	16
nbacourt_1503_frame_0008_png.rf.184a81	KEPT	1.48	12
nbacourt_1025_frame_0005_png.rf.5fb9d6	KEPT	1.48	14
nbacourt_2160_frame_0015_png.rf.6a4ec9	KEPT	1.48	12
nbacourt_1992_frame_0001_png.rf.013a37	KEPT	1.48	15
nbacourt_2051_frame_0004_png.rf.9cde2b	SNAPPED	1.47	16
nbacourt_0158_frame_0001_png.rf.169280	KEPT	1.47	15
nbacourt_0010_frame_0000_png.rf.16392f	KEPT	1.47	6
nbacourt_2202_frame_0004_png.rf.0cd5ac	KEPT	1.47	14
nbacourt_2061_frame_0005_png.rf.029843	KEPT	1.46	18
nbacourt_1319_frame_0006_png.rf.e8a7f6	KEPT	1.46	13
nbacourt_0980_frame_0005_png.rf.1f9b3f	KEPT	1.46	12
nbacourt_1307_frame_0006_png.rf.d732b1	KEPT	1.46	12
nbacourt_1520_frame_0008_png.rf.33b0cd	KEPT	1.46	15
nbacourt_1744_frame_0010_png.rf.c86261	SNAPPED	1.45	17
nbacourt_0614_frame_0003_png.rf.608848	KEPT	1.45	13
nbacourt_1351_frame_0007_png.rf.120938	KEPT	1.45	10
nbacourt_0220_frame_0001_png.rf.671a1e	KEPT	1.45	16
nbacourt_2115_frame_0007_png.rf.edc11b	KEPT	1.45	10
nbacourt_0417_frame_0002_png.rf.750ffb	KEPT	1.44	15
nbacourt_1336_frame_0007_png.rf.01654d	KEPT	1.44	10
nbacourt_0442_frame_0002_png.rf.90db36	KEPT	1.44	14
nbacourt_1289_frame_0006_png.rf.c5b546	KEPT	1.44	13
nbacourt_1295_frame_0006_png.rf.d050aa	KEPT	1.44	14
nbacourt_1337_frame_0007_png.rf.019a77	KEPT	1.44	10
nbacourt_1015_frame_0005_png.rf.4d8658	KEPT	1.44	13
nbacourt_2238_frame_0009_png.rf.d9ee29	KEPT	1.43	10
nbacourt_1309_frame_0006_png.rf.dad92a	KEPT	1.43	14
nbacourt_1021_frame_0005_png.rf.59c818	KEPT	1.43	9
nbacourt_0546_frame_0003_png.rf.11089c	KEPT	1.43	12
nbacourt_1256_frame_0006_png.rf.8b0e95	KEPT	1.43	15
nbacourt_1404_frame_0007_png.rf.6e96e9	KEPT	1.43	13
nbacourt_0401_frame_0002_png.rf.5df3cd	KEPT	1.43	16
nbacourt_0056_frame_0000_png.rf.6cc968	KEPT	1.42	16
nbacourt_1982_frame_0000_png.rf.537247	KEPT	1.42	11
nbacourt_1107_frame_0005_png.rf.bbb142	KEPT	1.41	14
nbacourt_1060_frame_0005_png.rf.873675	KEPT	1.40	15
nbacourt_0525_frame_0002_png.rf.f57c59	KEPT	1.40	15
nbacourt_1707_frame_0010_png.rf.3b8aab	KEPT	1.40	14
nbacourt_1330_frame_0006_png.rf.f94f5c	KEPT	1.40	16
nbacourt_1718_frame_0010_png.rf.719ba3	KEPT	1.40	12
nbacourt_0047_frame_0000_png.rf.572ab5	KEPT	1.39	12
nbacourt_1721_frame_0010_png.rf.7b85f0	KEPT	1.39	14
nbacourt_1965_frame_0030_png.rf.c2e9aa	KEPT	1.39	11
nbacourt_1152_frame_0005_png.rf.ecad5a	KEPT	1.38	12
nbacourt_1591_frame_0008_png.rf.df9ef8	KEPT	1.38	13
nbacourt_0356_frame_0002_png.rf.2b3f20	KEPT	1.38	13
nbacourt_1865_frame_0014_png.rf.6bbe06	KEPT	1.38	12
nbacourt_1708_frame_0010_png.rf.3e9544	KEPT	1.38	12
nbacourt_1938_frame_0020_png.rf.a54b9b	KEPT	1.38	15
nbacourt_1967_frame_0030_png.rf.ed3eb7	KEPT	1.37	11
nbacourt_0717_frame_0003_png.rf.d77228	KEPT	1.37	12
nbacourt_0088_frame_0000_png.rf.acd1b3	KEPT	1.37	14
nbacourt_0732_frame_0003_png.rf.edff90	KEPT	1.37	13
nbacourt_2017_frame_0002_png.rf.acc5b0	KEPT	1.37	13
nbacourt_1629_frame_0009_png.rf.485931	KEPT	1.37	13
nbacourt_1078_frame_0005_png.rf.a4d84a	KEPT	1.37	9
nbacourt_2177_frame_0001_png.rf.235274	KEPT	1.36	11
nbacourt_0339_frame_0002_png.rf.0cb004	KEPT	1.36	16
nbacourt_1937_frame_0020_png.rf.891585	KEPT	1.35	15
nbacourt_0262_frame_0001_png.rf.a77cec	KEPT	1.35	15
nbacourt_0265_frame_0001_png.rf.aa0d8c	KEPT	1.35	15
nbacourt_0778_frame_0004_png.rf.286beb	KEPT	1.35	13
nbacourt_0589_frame_0003_png.rf.4348d8	KEPT	1.35	14
nbacourt_0131_frame_0000_png.rf.f3d370	KEPT	1.35	15
nbacourt_0962_frame_0005_png.rf.0d0ec3	KEPT	1.35	13
nbacourt_0538_frame_0003_png.rf.04c724	KEPT	1.34	14
nbacourt_1888_frame_0016_png.rf.627af0	KEPT	1.34	13
nbacourt_0601_frame_0003_png.rf.55bf7b	KEPT	1.34	15
nbacourt_0564_frame_0003_png.rf.2662a0	KEPT	1.34	14
nbacourt_0493_frame_0002_png.rf.cfccb2	KEPT	1.34	15
nbacourt_1362_frame_0007_png.rf.241fd3	KEPT	1.34	13
nbacourt_1132_frame_0005_png.rf.d72342	KEPT	1.33	15
nbacourt_0964_frame_0005_png.rf.0fb1b0	KEPT	1.33	11
nbacourt_0699_frame_0003_png.rf.c6c716	KEPT	1.32	15
nbacourt_0884_frame_0004_png.rf.a92f57	KEPT	1.32	15
nbacourt_0679_frame_0003_png.rf.b07c91	SNAPPED	1.32	9
nbacourt_1551_frame_0008_png.rf.7e221b	KEPT	1.32	9
nbacourt_1043_frame_0005_png.rf.763d08	KEPT	1.32	13
nbacourt_0714_frame_0003_png.rf.d2a10d	KEPT	1.32	12
nbacourt_0856_frame_0004_png.rf.81a8f1	SNAPPED	1.32	13
nbacourt_0524_frame_0002_png.rf.f419fb	KEPT	1.32	13
nbacourt_0108_frame_0000_png.rf.c4bef8	KEPT	1.32	16
nbacourt_1966_frame_0030_png.rf.e95ffc	KEPT	1.32	11
nbacourt_1867_frame_0014_png.rf.76f375	KEPT	1.31	12
nbacourt_0270_frame_0001_png.rf.af84cb	KEPT	1.31	10
nbacourt_0875_frame_0004_png.rf.9b9f31	KEPT	1.31	15
nbacourt_0125_frame_0000_png.rf.e7a6e4	KEPT	1.31	16
nbacourt_2094_frame_0006_png.rf.e53021	KEPT	1.30	14
nbacourt_0360_frame_0002_png.rf.310a2a	KEPT	1.30	11
nbacourt_2121_frame_0008_png.rf.a745c9	KEPT	1.29	11
nbacourt_0948_frame_0005_png.rf.005fc5	KEPT	1.29	11
nbacourt_0519_frame_0002_png.rf.ea67ce	SNAPPED	1.29	13
nbacourt_0573_frame_0003_png.rf.324041	KEPT	1.29	14
nbacourt_2138_frame_0010_png.rf.630f3a	KEPT	1.29	14
nbacourt_0287_frame_0001_png.rf.bde390	KEPT	1.29	12
nbacourt_0887_frame_0004_png.rf.aa8e7a	KEPT	1.29	15
nbacourt_0385_frame_0002_png.rf.4d4eab	SNAPPED	1.28	18
nbacourt_2169_frame_0000_png.rf.0aa399	KEPT	1.28	15
nbacourt_1278_frame_0006_png.rf.b5f243	KEPT	1.27	14
nbacourt_0201_frame_0001_png.rf.51d759	KEPT	1.27	14
nbacourt_0694_frame_0003_png.rf.c0ff60	SNAPPED	1.27	12
nbacourt_0925_frame_0004_png.rf.e45bbe	KEPT	1.27	15
nbacourt_1375_frame_0007_png.rf.3891bf	KEPT	1.26	13
nbacourt_0384_frame_0002_png.rf.4bed94	KEPT	1.26	15
nbacourt_0596_frame_0003_png.rf.4b4e51	KEPT	1.26	16
nbacourt_0449_frame_0002_png.rf.9c5065	KEPT	1.26	13
nbacourt_1468_frame_0007_png.rf.e4374c	KEPT	1.26	13
nbacourt_1426_frame_0007_png.rf.9d2d12	KEPT	1.26	15
nbacourt_0690_frame_0003_png.rf.be6cb8	KEPT	1.26	13
nbacourt_1745_frame_0010_png.rf.d08eff	KEPT	1.25	12
nbacourt_1508_frame_0008_png.rf.1d19ae	KEPT	1.25	13
nbacourt_1331_frame_0006_png.rf.f9fc9a	KEPT	1.25	13
nbacourt_0895_frame_0004_png.rf.aff5e0	KEPT	1.25	14
nbacourt_1370_frame_0007_png.rf.32a49e	KEPT	1.25	11
nbacourt_1444_frame_0007_png.rf.b46b7f	SNAPPED	1.25	11
nbacourt_1481_frame_0007_png.rf.f3a507	KEPT	1.24	10
nbacourt_1735_frame_0010_png.rf.abe30d	KEPT	1.24	14
nbacourt_1549_frame_0008_png.rf.7577ea	KEPT	1.24	9
nbacourt_1532_frame_0008_png.rf.4bd183	KEPT	1.24	13
nbacourt_0706_frame_0003_png.rf.c95ebe	KEPT	1.24	12
nbacourt_1291_frame_0006_png.rf.c6855c	KEPT	1.24	13
nbacourt_0623_frame_0003_png.rf.68d6a7	KEPT	1.23	15
nbacourt_0870_frame_0004_png.rf.92b4c5	KEPT	1.23	15
nbacourt_1412_frame_0007_png.rf.7cc539	KEPT	1.22	11
nbacourt_2199_frame_0003_png.rf.fd01b7	KEPT	1.22	14
nbacourt_0083_frame_0000_png.rf.a27f26	KEPT	1.22	15
nbacourt_1539_frame_0008_png.rf.5d8733	KEPT	1.22	15
nbacourt_0904_frame_0004_png.rf.c336b0	KEPT	1.22	13
nbacourt_2074_frame_0005_png.rf.f0f986	KEPT	1.22	14
nbacourt_2220_frame_0006_png.rf.13b0b0	SNAPPED	1.22	15
nbacourt_1805_frame_0012_png.rf.209107	KEPT	1.21	15
nbacourt_0193_frame_0001_png.rf.45b7ea	KEPT	1.21	12
nbacourt_1871_frame_0014_png.rf.a131d6	KEPT	1.21	12
nbacourt_0068_frame_0000_png.rf.80ecb6	KEPT	1.21	15
nbacourt_0786_frame_0004_png.rf.2f9775	SNAPPED	1.20	17
nbacourt_1553_frame_0008_png.rf.824782	KEPT	1.20	15
nbacourt_1940_frame_0020_png.rf.f51340	KEPT	1.20	19
nbacourt_1788_frame_0011_png.rf.b8f7dd	KEPT	1.20	16
nbacourt_0842_frame_0004_png.rf.72a206	KEPT	1.20	15
nbacourt_0129_frame_0000_png.rf.eff2d6	KEPT	1.20	15
nbacourt_0072_frame_0000_png.rf.87b876	KEPT	1.20	12
nbacourt_1160_frame_0005_png.rf.f44733	KEPT	1.19	12
nbacourt_0672_frame_0003_png.rf.a86327	KEPT	1.19	12
nbacourt_1403_frame_0007_png.rf.67faf8	KEPT	1.19	13
nbacourt_1164_frame_0005_png.rf.f82288	SNAPPED	1.18	15
nbacourt_0050_frame_0000_png.rf.6562ea	KEPT	1.18	14
nbacourt_2109_frame_0007_png.rf.7b4c7a	KEPT	1.18	12
nbacourt_0064_frame_0000_png.rf.7ab71c	KEPT	1.17	15
nbacourt_2041_frame_0004_png.rf.01c3ae	KEPT	1.17	15
nbacourt_0351_frame_0002_png.rf.211c40	KEPT	1.17	13
nbacourt_0902_frame_0004_png.rf.bc767b	KEPT	1.16	15
nbacourt_1615_frame_0009_png.rf.1e3969	KEPT	1.16	13
nbacourt_1262_frame_0006_png.rf.929684	KEPT	1.16	15
nbacourt_0374_frame_0002_png.rf.419ad5	KEPT	1.16	13
nbacourt_0621_frame_0003_png.rf.682e8e	KEPT	1.16	13
nbacourt_0491_frame_0002_png.rf.cd175e	KEPT	1.16	13
nbacourt_0232_frame_0001_png.rf.78e0d5	KEPT	1.15	15
nbacourt_0022_frame_0000_png.rf.2475bc	SNAPPED	1.15	15
nbacourt_0936_frame_0004_png.rf.eef0cc	KEPT	1.15	15
nbacourt_1150_frame_0005_png.rf.ec1492	KEPT	1.14	14
nbacourt_0844_frame_0004_png.rf.73b35c	KEPT	1.14	13
nbacourt_2113_frame_0007_png.rf.dacd76	SNAPPED	1.14	16
nbacourt_0254_frame_0001_png.rf.99f545	KEPT	1.14	15
nbacourt_1452_frame_0007_png.rf.bfcf77	KEPT	1.13	15
nbacourt_0476_frame_0002_png.rf.bb6dc7	KEPT	1.13	13
nbacourt_1556_frame_0008_png.rf.83e918	KEPT	1.13	13
nbacourt_1204_frame_0006_png.rf.369aff	KEPT	1.13	13
nbacourt_0498_frame_0002_png.rf.da18ef	SNAPPED	1.13	18
nbacourt_1803_frame_0012_png.rf.15e8ba	KEPT	1.13	15
nbacourt_1949_frame_0023_png.rf.e4fa18	SNAPPED	1.13	9
nbacourt_0561_frame_0003_png.rf.22e641	KEPT	1.13	15
nbacourt_0502_frame_0002_png.rf.dee15a	KEPT	1.12	13
nbacourt_1526_frame_0008_png.rf.44c111	KEPT	1.12	16
nbacourt_1287_frame_0006_png.rf.c495d6	KEPT	1.12	15
nbacourt_0595_frame_0003_png.rf.4b2514	KEPT	1.11	13
nbacourt_1123_frame_0005_png.rf.cb63f1	KEPT	1.11	16
nbacourt_0392_frame_0002_png.rf.53a05a	KEPT	1.11	15
nbacourt_0539_frame_0003_png.rf.07b1ea	KEPT	1.11	15
nbacourt_1197_frame_0006_png.rf.2bc9f8	KEPT	1.10	12
nbacourt_1138_frame_0005_png.rf.e15fbc	KEPT	1.10	15
nbacourt_2257_frame_0015_png.rf.2a91eb	KEPT	1.10	22
nbacourt_1241_frame_0006_png.rf.6cea82	KEPT	1.09	13
nbacourt_0978_frame_0005_png.rf.1d8e47	KEPT	1.09	15
nbacourt_2131_frame_0009_png.rf.9dd74f	KEPT	1.09	15
nbacourt_2191_frame_0002_png.rf.fda55f	KEPT	1.09	12
nbacourt_0927_frame_0004_png.rf.e6131c	SNAPPED	1.08	13
nbacourt_0530_frame_0002_png.rf.f8d16b	KEPT	1.07	15
nbacourt_1097_frame_0005_png.rf.b42777	KEPT	1.07	13
nbacourt_2004_frame_0001_png.rf.c60147	KEPT	1.07	13
nbacourt_2176_frame_0000_png.rf.c4f27f	KEPT	1.07	11
nbacourt_1274_frame_0006_png.rf.ad9ce3	KEPT	1.07	16
nbacourt_2207_frame_0004_png.rf.52ccbc	KEPT	1.06	14
nbacourt_0156_frame_0001_png.rf.11d7b0	SNAPPED	1.06	15
nbacourt_2234_frame_0008_png.rf.4b5b55	KEPT	1.06	15
nbacourt_2129_frame_0009_png.rf.88b9b1	KEPT	1.06	12
nbacourt_1891_frame_0016_png.rf.9f42f7	KEPT	1.06	18
nbacourt_1857_frame_0014_png.rf.1345ef	KEPT	1.06	18
nbacourt_0399_frame_0002_png.rf.5c164f	KEPT	1.06	15
nbacourt_0747_frame_0004_png.rf.05afc9	KEPT	1.06	15
nbacourt_1395_frame_0007_png.rf.55095e	SNAPPED	1.05	17
nbacourt_0214_frame_0001_png.rf.5ed64b	SNAPPED	1.05	13
nbacourt_0311_frame_0001_png.rf.eb9951	KEPT	1.05	14
nbacourt_0540_frame_0003_png.rf.0a6068	KEPT	1.04	16
nbacourt_1694_frame_0010_png.rf.156311	SNAPPED	1.04	15
nbacourt_1318_frame_0006_png.rf.e69e07	KEPT	1.04	11
nbacourt_0806_frame_0004_png.rf.4abd82	KEPT	1.04	15
nbacourt_1887_frame_0016_png.rf.4d77fd	KEPT	1.04	18
nbacourt_1373_frame_0007_png.rf.352408	SNAPPED	1.04	10
nbacourt_0867_frame_0004_png.rf.8f47e0	KEPT	1.04	14
nbacourt_0295_frame_0001_png.rf.d05596	SNAPPED	1.04	8
nbacourt_1339_frame_0007_png.rf.033eaa	SNAPPED	1.03	11
nbacourt_0413_frame_0002_png.rf.70604a	SNAPPED	1.03	13
nbacourt_1273_frame_0006_png.rf.a78c55	KEPT	1.03	15
nbacourt_0829_frame_0004_png.rf.641341	SNAPPED	1.03	15
nbacourt_2261_frame_0034_png.rf.b68c10	KEPT	1.03	11
nbacourt_0230_frame_0001_png.rf.7851f6	KEPT	1.03	14
nbacourt_0496_frame_0002_png.rf.d7d7e8	KEPT	1.03	15
nbacourt_2096_frame_0006_png.rf.e62406	SNAPPED	1.03	12
nbacourt_1145_frame_0005_png.rf.e900c0	KEPT	1.02	12
nbacourt_0607_frame_0003_png.rf.5a189b	KEPT	1.02	15
nbacourt_0768_frame_0004_png.rf.1d31af	SNAPPED	1.02	10
nbacourt_1074_frame_0005_png.rf.9b125c	KEPT	1.02	12
nbacourt_2007_frame_0002_png.rf.069a8f	SNAPPED	1.01	13
nbacourt_1080_frame_0005_png.rf.a5c205	SNAPPED	1.01	14
nbacourt_1285_frame_0006_png.rf.c24f5a	KEPT	1.01	15
nbacourt_0868_frame_0004_png.rf.9000b8	SNAPPED	1.01	15
nbacourt_2031_frame_0003_png.rf.9d4a3a	SNAPPED	1.01	12
nbacourt_1906_frame_0017_png.rf.e6d442	SNAPPED	1.01	15
nbacourt_0554_frame_0003_png.rf.18017e	SNAPPED	1.01	16
nbacourt_0140_frame_0000_png.rf.ff5506	SNAPPED	1.01	14
nbacourt_2180_frame_0001_png.rf.6cb9e0	SNAPPED	1.00	15
nbacourt_0034_frame_0000_png.rf.38e137	KEPT	1.00	14
nbacourt_0323_frame_0001_png.rf.fc11e1	KEPT	1.00	13
nbacourt_2187_frame_0002_png.rf.224f6d	KEPT	1.00	15
nbacourt_0172_frame_0001_png.rf.2fbce0	SNAPPED	1.00	15
nbacourt_2252_frame_0011_png.rf.81dfd1	KEPT	1.00	13
nbacourt_1490_frame_0007_png.rf.ff9f3e	KEPT	0.99	12
nbacourt_1530_frame_0008_png.rf.48f0dc	KEPT	0.99	12
nbacourt_2026_frame_0003_png.rf.42c5a6	KEPT	0.99	18
nbacourt_1550_frame_0008_png.rf.75e953	KEPT	0.99	12
nbacourt_1569_frame_0008_png.rf.b01321	KEPT	0.99	12
nbacourt_1502_frame_0008_png.rf.178991	KEPT	0.99	13
nbacourt_1010_frame_0005_png.rf.487d81	KEPT	0.99	12
nbacourt_1202_frame_0006_png.rf.35f2d0	KEPT	0.99	13
nbacourt_0389_frame_0002_png.rf.4f4846	SNAPPED	0.98	16
nbacourt_1245_frame_0006_png.rf.7fb056	KEPT	0.98	16
nbacourt_1800_frame_0012_png.rf.095cec	SNAPPED	0.98	16
nbacourt_2114_frame_0007_png.rf.e6736a	KEPT	0.98	13
nbacourt_1344_frame_0007_png.rf.09b248	SNAPPED	0.98	11
nbacourt_1298_frame_0006_png.rf.d1cb57	KEPT	0.98	15
nbacourt_0577_frame_0003_png.rf.36bf36	SNAPPED	0.98	11
nbacourt_1237_frame_0006_png.rf.65b78e	KEPT	0.97	13
nbacourt_1323_frame_0006_png.rf.ee6ef5	KEPT	0.97	15
nbacourt_1558_frame_0008_png.rf.8bbeb5	SNAPPED	0.97	10
nbacourt_0986_frame_0005_png.rf.24bc0a	SNAPPED	0.97	13
nbacourt_0808_frame_0004_png.rf.4e765b	SNAPPED	0.97	12
nbacourt_0479_frame_0002_png.rf.bde257	SNAPPED	0.97	16
nbacourt_0418_frame_0002_png.rf.753384	SNAPPED	0.97	12
nbacourt_0517_frame_0002_png.rf.e9b748	SNAPPED	0.97	16
nbacourt_1583_frame_0008_png.rf.cd4184	KEPT	0.97	15
nbacourt_0534_frame_0003_png.rf.000bb3	SNAPPED	0.96	11
nbacourt_0692_frame_0003_png.rf.c0bf7d	KEPT	0.96	15
nbacourt_0225_frame_0001_png.rf.711716	SNAPPED	0.96	15
nbacourt_0805_frame_0004_png.rf.4a9d55	SNAPPED	0.96	17
nbacourt_0423_frame_0002_png.rf.7c69bf	KEPT	0.96	15
nbacourt_1293_frame_0006_png.rf.cb9d15	SNAPPED	0.95	10
nbacourt_1004_frame_0005_png.rf.4148b2	KEPT	0.95	12
nbacourt_2033_frame_0003_png.rf.b80457	KEPT	0.94	13
nbacourt_1248_frame_0006_png.rf.8146c9	SNAPPED	0.94	15
nbacourt_1658_frame_0009_png.rf.92d88f	KEPT	0.94	11
nbacourt_1242_frame_0006_png.rf.6e276f	SNAPPED	0.94	16
nbacourt_2127_frame_0008_png.rf.fa4c58	KEPT	0.93	14
nbacourt_0293_frame_0001_png.rf.cc82f9	KEPT	0.93	15
nbacourt_0584_frame_0003_png.rf.3c8c32	SNAPPED	0.93	11
nbacourt_0261_frame_0001_png.rf.a6f45f	KEPT	0.92	12
nbacourt_1676_frame_0009_png.rf.ccaecd	SNAPPED	0.92	11
nbacourt_1856_frame_0014_png.rf.12198f	SNAPPED	0.92	10
nbacourt_1771_frame_0011_png.rf.6b0d92	SNAPPED	0.92	9
nbacourt_2249_frame_0011_png.rf.1ea6ed	SNAPPED	0.92	14
nbacourt_0303_frame_0001_png.rf.e06f72	SNAPPED	0.91	15
nbacourt_1130_frame_0005_png.rf.d36d3e	SNAPPED	0.91	13
nbacourt_0305_frame_0001_png.rf.e29942	SNAPPED	0.91	13
nbacourt_0174_frame_0001_png.rf.332dc7	SNAPPED	0.91	12
nbacourt_1089_frame_0005_png.rf.adb5ba	KEPT	0.91	15
nbacourt_0807_frame_0004_png.rf.4d093d	SNAPPED	0.91	13
nbacourt_2128_frame_0009_png.rf.796898	KEPT	0.91	14
nbacourt_0227_frame_0001_png.rf.74de59	SNAPPED	0.91	13
nbacourt_0799_frame_0004_png.rf.471227	KEPT	0.91	15
nbacourt_1270_frame_0006_png.rf.a23ae1	SNAPPED	0.90	12
nbacourt_1722_frame_0010_png.rf.7c7024	SNAPPED	0.90	15
nbacourt_1806_frame_0012_png.rf.26f975	SNAPPED	0.90	11
nbacourt_0188_frame_0001_png.rf.410dcd	SNAPPED	0.90	15
nbacourt_0428_frame_0002_png.rf.8639f8	SNAPPED	0.90	16
nbacourt_1692_frame_0010_png.rf.0bf7bb	SNAPPED	0.89	11
nbacourt_0510_frame_0002_png.rf.e480f0	SNAPPED	0.89	15
nbacourt_1225_frame_0006_png.rf.4fd971	SNAPPED	0.89	10
nbacourt_1441_frame_0007_png.rf.b02df9	SNAPPED	0.89	12
nbacourt_0222_frame_0001_png.rf.6ba500	SNAPPED	0.89	11
nbacourt_1590_frame_0008_png.rf.ddae99	SNAPPED	0.88	15
nbacourt_1876_frame_0014_png.rf.d0af04	SNAPPED	0.88	10
nbacourt_0463_frame_0002_png.rf.ade2fb	SNAPPED	0.88	12
nbacourt_0850_frame_0004_png.rf.7952f7	KEPT	0.88	15
nbacourt_2126_frame_0008_png.rf.eb5147	KEPT	0.87	13
nbacourt_1433_frame_0007_png.rf.a1e89b	SNAPPED	0.87	15
nbacourt_1861_frame_0014_png.rf.252659	SNAPPED	0.87	10
nbacourt_1893_frame_0016_png.rf.dec6ba	SNAPPED	0.86	13
nbacourt_0052_frame_0000_png.rf.687e6e	KEPT	0.86	14
nbacourt_0588_frame_0003_png.rf.432aef	SNAPPED	0.86	16
nbacourt_0276_frame_0001_png.rf.b5187b	SNAPPED	0.86	15
nbacourt_0326_frame_0001_png.rf.ff3705	KEPT	0.86	13
nbacourt_2021_frame_0003_png.rf.11e960	SNAPPED	0.86	15
nbacourt_1290_frame_0006_png.rf.c63b46	SNAPPED	0.86	13
nbacourt_1102_frame_0005_png.rf.b709c2	SNAPPED	0.86	14
nbacourt_0888_frame_0004_png.rf.ab6498	SNAPPED	0.85	13
nbacourt_0874_frame_0004_png.rf.9b1c36	SNAPPED	0.85	12
nbacourt_2003_frame_0001_png.rf.c43b94	KEPT	0.85	14
nbacourt_1314_frame_0006_png.rf.e1cc4a	SNAPPED	0.85	11
nbacourt_1137_frame_0005_png.rf.de14d9	KEPT	0.85	15
nbacourt_1986_frame_0000_png.rf.a09a25	SNAPPED	0.85	15
nbacourt_0406_frame_0002_png.rf.68fa6a	KEPT	0.85	14
nbacourt_0557_frame_0003_png.rf.1da094	KEPT	0.85	12
nbacourt_0897_frame_0004_png.rf.b482ea	KEPT	0.85	11
nbacourt_1183_frame_0006_png.rf.0aec08	KEPT	0.85	16
nbacourt_1220_frame_0006_png.rf.4aaa6c	SNAPPED	0.85	11
nbacourt_1005_frame_0005_png.rf.448afb	SNAPPED	0.85	13
nbacourt_1231_frame_0006_png.rf.5e31a2	SNAPPED	0.84	11
nbacourt_0583_frame_0003_png.rf.3bdcfd	SNAPPED	0.84	11
nbacourt_0952_frame_0005_png.rf.021cbd	KEPT	0.84	15
nbacourt_1585_frame_0008_png.rf.d3a3be	SNAPPED	0.84	15
nbacourt_1181_frame_0006_png.rf.084e1b	KEPT	0.84	16
nbacourt_1041_frame_0005_png.rf.728da0	SNAPPED	0.84	10
nbacourt_2088_frame_0006_png.rf.afe88a	SNAPPED	0.84	15
nbacourt_1712_frame_0010_png.rf.60aee0	KEPT	0.83	14
nbacourt_0556_frame_0003_png.rf.1d05bd	KEPT	0.83	14
nbacourt_0091_frame_0000_png.rf.b02003	KEPT	0.83	16
nbacourt_1941_frame_0021_png.rf.2e6dc5	SNAPPED	0.83	13
nbacourt_1734_frame_0010_png.rf.a9040b	SNAPPED	0.83	16
nbacourt_0437_frame_0002_png.rf.8b4fda	SNAPPED	0.83	13
nbacourt_0443_frame_0002_png.rf.912f96	KEPT	0.83	15
nbacourt_0090_frame_0000_png.rf.afbc11	SNAPPED	0.83	14
nbacourt_1317_frame_0006_png.rf.e6673b	SNAPPED	0.83	12
nbacourt_1499_frame_0008_png.rf.10be9a	SNAPPED	0.83	10
nbacourt_0665_frame_0003_png.rf.a18c65	KEPT	0.82	15
nbacourt_1855_frame_0014_png.rf.0d6141	SNAPPED	0.82	10
nbacourt_2064_frame_0005_png.rf.38ec48	SNAPPED	0.82	12
nbacourt_0035_frame_0000_png.rf.391db3	SNAPPED	0.82	14
nbacourt_1299_frame_0006_png.rf.d24e5c	SNAPPED	0.82	9
nbacourt_1283_frame_0006_png.rf.b7d28e	KEPT	0.82	13
nbacourt_0013_frame_0000_png.rf.1cad6e	SNAPPED	0.82	15
nbacourt_0950_frame_0005_png.rf.01d465	KEPT	0.82	15
nbacourt_1077_frame_0005_png.rf.a44844	KEPT	0.82	12
nbacourt_1510_frame_0008_png.rf.208c06	SNAPPED	0.81	14
nbacourt_1313_frame_0006_png.rf.e14a24	SNAPPED	0.81	10
nbacourt_1673_frame_0009_png.rf.c27f3e	SNAPPED	0.81	14
nbacourt_1455_frame_0007_png.rf.c8b284	SNAPPED	0.81	15
nbacourt_2162_frame_0016_png.rf.103794	SNAPPED	0.81	9
nbacourt_0480_frame_0002_png.rf.bf6e1d	SNAPPED	0.81	16
nbacourt_0212_frame_0001_png.rf.5ce39e	SNAPPED	0.81	15
nbacourt_0381_frame_0002_png.rf.4904cd	SNAPPED	0.81	12
nbacourt_1001_frame_0005_png.rf.36f895	SNAPPED	0.80	15
nbacourt_0081_frame_0000_png.rf.a20b5a	SNAPPED	0.80	13
nbacourt_1206_frame_0006_png.rf.38df5a	KEPT	0.80	13
nbacourt_0175_frame_0001_png.rf.3533e3	KEPT	0.80	15
nbacourt_0446_frame_0002_png.rf.9640e8	SNAPPED	0.80	15
nbacourt_1134_frame_0005_png.rf.d8fae1	SNAPPED	0.80	15
nbacourt_2043_frame_0004_png.rf.183b9d	SNAPPED	0.80	14
nbacourt_1140_frame_0005_png.rf.e3f558	SNAPPED	0.80	13
nbacourt_0676_frame_0003_png.rf.ae2bba	SNAPPED	0.80	15
nbacourt_0697_frame_0003_png.rf.c4a489	SNAPPED	0.79	12
nbacourt_0301_frame_0001_png.rf.db46f5	SNAPPED	0.79	13
nbacourt_1819_frame_0012_png.rf.be37f9	SNAPPED	0.79	16
nbacourt_0754_frame_0004_png.rf.10e1f8	SNAPPED	0.79	10
nbacourt_0703_frame_0003_png.rf.c71b7f	SNAPPED	0.79	15
nbacourt_0283_frame_0001_png.rf.b870b0	KEPT	0.79	13
nbacourt_1471_frame_0007_png.rf.e809e0	SNAPPED	0.79	12
nbacourt_0985_frame_0005_png.rf.227c6e	SNAPPED	0.79	15
nbacourt_1031_frame_0005_png.rf.6555b7	SNAPPED	0.79	15
nbacourt_1109_frame_0005_png.rf.be00a0	KEPT	0.79	15
nbacourt_1880_frame_0015_png.rf.3abea1	SNAPPED	0.79	15
nbacourt_0464_frame_0002_png.rf.ae1b9c	KEPT	0.78	15
nbacourt_1135_frame_0005_png.rf.d9e3c9	KEPT	0.78	14
nbacourt_1576_frame_0008_png.rf.be792c	KEPT	0.78	15
nbacourt_1787_frame_0011_png.rf.b792ea	SNAPPED	0.78	14
nbacourt_0515_frame_0002_png.rf.e95516	SNAPPED	0.78	13
nbacourt_1533_frame_0008_png.rf.527a74	SNAPPED	0.78	14
nbacourt_1172_frame_0005_png.rf.feabe0	KEPT	0.78	13
nbacourt_1901_frame_0017_png.rf.7b6b9f	SNAPPED	0.78	17
nbacourt_0514_frame_0002_png.rf.e73ecf	SNAPPED	0.78	14
nbacourt_0362_frame_0002_png.rf.337564	SNAPPED	0.78	13
nbacourt_0832_frame_0004_png.rf.6a019b	SNAPPED	0.78	13
nbacourt_1652_frame_0009_png.rf.88c82e	SNAPPED	0.78	11
nbacourt_1394_frame_0007_png.rf.532790	SNAPPED	0.77	12
nbacourt_1300_frame_0006_png.rf.d25d50	SNAPPED	0.77	15
nbacourt_2133_frame_0009_png.rf.c9a035	SNAPPED	0.77	9
nbacourt_1779_frame_0011_png.rf.8e1912	SNAPPED	0.77	17
nbacourt_0003_frame_0000_png.rf.08d223	SNAPPED	0.77	9
nbacourt_2212_frame_0005_png.rf.12541d	KEPT	0.77	16
nbacourt_1366_frame_0007_png.rf.29babb	SNAPPED	0.77	13
nbacourt_0387_frame_0002_png.rf.4dece8	SNAPPED	0.77	14
nbacourt_0579_frame_0003_png.rf.38b374	KEPT	0.76	15
nbacourt_1485_frame_0007_png.rf.f88061	SNAPPED	0.76	13
nbacourt_1475_frame_0007_png.rf.eb5f57	KEPT	0.76	14
nbacourt_0226_frame_0001_png.rf.71796d	SNAPPED	0.76	9
nbacourt_1267_frame_0006_png.rf.9eeb33	SNAPPED	0.76	15
nbacourt_2140_frame_0010_png.rf.a94a1b	SNAPPED	0.76	13
nbacourt_0038_frame_0000_png.rf.40d9dc	SNAPPED	0.76	12
nbacourt_1476_frame_0007_png.rf.ed2922	SNAPPED	0.76	15
nbacourt_1171_frame_0005_png.rf.fe9256	SNAPPED	0.76	13
nbacourt_1040_frame_0005_png.rf.705a1e	KEPT	0.76	15
nbacourt_0286_frame_0001_png.rf.bddf75	SNAPPED	0.76	14
nbacourt_0795_frame_0004_png.rf.425c04	SNAPPED	0.76	13
nbacourt_0228_frame_0001_png.rf.750c46	SNAPPED	0.75	14
nbacourt_0765_frame_0004_png.rf.185d5a	SNAPPED	0.75	10
nbacourt_1814_frame_0012_png.rf.80aa80	SNAPPED	0.75	16
nbacourt_0304_frame_0001_png.rf.e0e661	KEPT	0.75	13
nbacourt_1458_frame_0007_png.rf.ca7146	SNAPPED	0.75	13
nbacourt_2020_frame_0002_png.rf.dd47d7	SNAPPED	0.75	14
nbacourt_1909_frame_0018_png.rf.1ff4d8	SNAPPED	0.75	16
nbacourt_0316_frame_0001_png.rf.f5c821	SNAPPED	0.75	10
nbacourt_0678_frame_0003_png.rf.af0c20	SNAPPED	0.75	16
nbacourt_0941_frame_0004_png.rf.f67539	SNAPPED	0.74	13
nbacourt_1356_frame_0007_png.rf.1ae7a8	KEPT	0.74	18
nbacourt_0670_frame_0003_png.rf.a77737	SNAPPED	0.74	13
nbacourt_0909_frame_0004_png.rf.c7fc74	KEPT	0.74	13
nbacourt_0187_frame_0001_png.rf.405da2	KEPT	0.74	15
nbacourt_0078_frame_0000_png.rf.95c537	SNAPPED	0.74	11
nbacourt_0513_frame_0002_png.rf.e6e874	SNAPPED	0.73	11
nbacourt_0248_frame_0001_png.rf.921fb4	SNAPPED	0.73	15
nbacourt_1799_frame_0011_png.rf.fde631	SNAPPED	0.73	12
nbacourt_1860_frame_0014_png.rf.231390	SNAPPED	0.73	18
nbacourt_0001_frame_0000_png.rf.066cbc	SNAPPED	0.73	16
nbacourt_1143_frame_0005_png.rf.e5e290	SNAPPED	0.73	15
nbacourt_0494_frame_0002_png.rf.d14e3b	SNAPPED	0.73	21
nbacourt_0713_frame_0003_png.rf.d29903	SNAPPED	0.73	15
nbacourt_0890_frame_0004_png.rf.ac05ec	SNAPPED	0.72	12
nbacourt_0735_frame_0003_png.rf.ef835a	SNAPPED	0.72	14
nbacourt_1776_frame_0011_png.rf.830792	SNAPPED	0.72	14
nbacourt_1769_frame_0011_png.rf.5f6991	SNAPPED	0.72	14
nbacourt_2255_frame_0012_png.rf.ffb71c	SNAPPED	0.72	9
nbacourt_1766_frame_0011_png.rf.59163e	SNAPPED	0.72	11
nbacourt_1033_frame_0005_png.rf.6778a4	SNAPPED	0.72	12
nbacourt_0242_frame_0001_png.rf.8edf1d	SNAPPED	0.72	15
nbacourt_2080_frame_0006_png.rf.5cbcea	SNAPPED	0.72	11
nbacourt_0407_frame_0002_png.rf.691dcd	SNAPPED	0.72	14
nbacourt_0002_frame_0000_png.rf.0728a6	SNAPPED	0.72	15
nbacourt_0238_frame_0001_png.rf.8381d4	SNAPPED	0.72	15
nbacourt_1854_frame_0014_png.rf.09e2a7	KEPT	0.72	15
nbacourt_0558_frame_0003_png.rf.1fdf0c	KEPT	0.72	15
nbacourt_0320_frame_0001_png.rf.fa6485	SNAPPED	0.72	15
nbacourt_0155_frame_0001_png.rf.0f21c1	SNAPPED	0.72	15
nbacourt_2153_frame_0013_png.rf.48bd89	SNAPPED	0.72	13
nbacourt_1536_frame_0008_png.rf.5c444c	SNAPPED	0.72	15
nbacourt_1376_frame_0007_png.rf.38c40d	SNAPPED	0.71	13
nbacourt_1028_frame_0005_png.rf.61b60b	SNAPPED	0.71	12
nbacourt_0544_frame_0003_png.rf.0ecd9a	SNAPPED	0.71	15
nbacourt_2099_frame_0006_png.rf.ef60e1	SNAPPED	0.71	12
nbacourt_0361_frame_0002_png.rf.3171c6	SNAPPED	0.71	14
nbacourt_0205_frame_0001_png.rf.54eca0	KEPT	0.71	15
nbacourt_1881_frame_0015_png.rf.903d5c	KEPT	0.71	18
nbacourt_1785_frame_0011_png.rf.b5b10e	SNAPPED	0.71	9
nbacourt_0256_frame_0001_png.rf.9e8e66	SNAPPED	0.70	15
nbacourt_0042_frame_0000_png.rf.4aff0f	SNAPPED	0.70	15
nbacourt_0734_frame_0003_png.rf.eea066	KEPT	0.70	15
nbacourt_1850_frame_0013_png.rf.e02a86	SNAPPED	0.70	15
nbacourt_0847_frame_0004_png.rf.76c925	SNAPPED	0.70	11
nbacourt_1260_frame_0006_png.rf.90951a	SNAPPED	0.70	15
nbacourt_0605_frame_0003_png.rf.583b12	SNAPPED	0.70	13
nbacourt_0537_frame_0003_png.rf.01d924	SNAPPED	0.70	15
nbacourt_0439_frame_0002_png.rf.8cd6ed	SNAPPED	0.70	15
nbacourt_0652_frame_0003_png.rf.926510	SNAPPED	0.70	13
nbacourt_1879_frame_0015_png.rf.276375	SNAPPED	0.70	15
nbacourt_1498_frame_0008_png.rf.0f8c88	SNAPPED	0.70	15
nbacourt_0355_frame_0002_png.rf.26de4c	SNAPPED	0.69	16
nbacourt_2100_frame_0007_png.rf.04ed21	SNAPPED	0.69	16
nbacourt_0893_frame_0004_png.rf.aeb665	SNAPPED	0.69	14
nbacourt_0603_frame_0003_png.rf.57a22a	SNAPPED	0.69	14
nbacourt_1493_frame_0008_png.rf.04cc93	SNAPPED	0.69	9
nbacourt_1363_frame_0007_png.rf.267bc0	SNAPPED	0.69	15
nbacourt_1050_frame_0005_png.rf.7e4813	SNAPPED	0.69	15
nbacourt_0084_frame_0000_png.rf.a3a77d	KEPT	0.69	15
nbacourt_0785_frame_0004_png.rf.2c52e9	SNAPPED	0.69	12
nbacourt_0142_frame_0001_png.rf.0194b1	SNAPPED	0.69	12
nbacourt_1628_frame_0009_png.rf.45f992	SNAPPED	0.69	14
nbacourt_0299_frame_0001_png.rf.d8f0f2	SNAPPED	0.69	15
nbacourt_1359_frame_0007_png.rf.21d5d2	SNAPPED	0.69	12
nbacourt_0889_frame_0004_png.rf.ab9ff4	SNAPPED	0.69	13
nbacourt_1338_frame_0007_png.rf.02ae21	SNAPPED	0.68	12
nbacourt_1263_frame_0006_png.rf.978ff8	SNAPPED	0.68	14
nbacourt_2087_frame_0006_png.rf.ac91cc	SNAPPED	0.68	14
nbacourt_2050_frame_0004_png.rf.9763b4	KEPT	0.68	15
nbacourt_1877_frame_0014_png.rf.f083a8	SNAPPED	0.68	10
nbacourt_1689_frame_0009_png.rf.f41630	SNAPPED	0.68	11
nbacourt_2057_frame_0004_png.rf.e3ea04	SNAPPED	0.68	18
nbacourt_1036_frame_0005_png.rf.6de5fb	SNAPPED	0.68	12
nbacourt_0894_frame_0004_png.rf.afc7d4	SNAPPED	0.68	14
nbacourt_2228_frame_0007_png.rf.173911	SNAPPED	0.68	14
nbacourt_0620_frame_0003_png.rf.681456	SNAPPED	0.67	15
nbacourt_2132_frame_0009_png.rf.ae3b54	SNAPPED	0.67	14
nbacourt_0656_frame_0003_png.rf.957d8c	SNAPPED	0.67	19
nbacourt_0263_frame_0001_png.rf.a8ffb7	SNAPPED	0.67	13
nbacourt_0628_frame_0003_png.rf.6cfa8a	SNAPPED	0.67	14
nbacourt_0143_frame_0001_png.rf.025551	SNAPPED	0.67	8
nbacourt_1092_frame_0005_png.rf.b03ef1	SNAPPED	0.67	15
nbacourt_0922_frame_0004_png.rf.de28c9	SNAPPED	0.67	13
nbacourt_0937_frame_0004_png.rf.f0aaed	SNAPPED	0.67	13
nbacourt_1007_frame_0005_png.rf.45267f	SNAPPED	0.67	12
nbacourt_0182_frame_0001_png.rf.3b348b	SNAPPED	0.67	18
nbacourt_1276_frame_0006_png.rf.b0d080	SNAPPED	0.67	11
nbacourt_0330_frame_0002_png.rf.031be1	SNAPPED	0.67	12
nbacourt_0531_frame_0002_png.rf.f962c5	KEPT	0.67	15
nbacourt_1662_frame_0009_png.rf.a820bd	SNAPPED	0.67	15
nbacourt_1874_frame_0014_png.rf.c55905	KEPT	0.67	15
nbacourt_1259_frame_0006_png.rf.904a96	SNAPPED	0.67	12
nbacourt_0380_frame_0002_png.rf.485c9e	SNAPPED	0.66	13
nbacourt_1862_frame_0014_png.rf.34d5a0	SNAPPED	0.66	14
nbacourt_0481_frame_0002_png.rf.c0251c	SNAPPED	0.66	14
nbacourt_0250_frame_0001_png.rf.95a9d6	SNAPPED	0.66	12
nbacourt_0791_frame_0004_png.rf.3bf1cc	SNAPPED	0.66	13
nbacourt_0639_frame_0003_png.rf.7f74ba	SNAPPED	0.66	11
nbacourt_0598_frame_0003_png.rf.4f242b	SNAPPED	0.66	12
nbacourt_1296_frame_0006_png.rf.d0a9a8	SNAPPED	0.66	12
nbacourt_0955_frame_0005_png.rf.05783e	SNAPPED	0.66	12
nbacourt_1176_frame_0006_png.rf.00e6fa	KEPT	0.66	15
nbacourt_0898_frame_0004_png.rf.b5fbe1	SNAPPED	0.66	13
nbacourt_2155_frame_0013_png.rf.cd874d	SNAPPED	0.66	11
nbacourt_2107_frame_0007_png.rf.79ffca	KEPT	0.66	14
nbacourt_1853_frame_0013_png.rf.edda8b	SNAPPED	0.66	16
nbacourt_0731_frame_0003_png.rf.e9c779	SNAPPED	0.65	13
nbacourt_1126_frame_0005_png.rf.cd79bd	SNAPPED	0.65	11
nbacourt_1325_frame_0006_png.rf.f1243b	SNAPPED	0.65	14
nbacourt_0471_frame_0002_png.rf.b519c5	SNAPPED	0.65	13
nbacourt_0366_frame_0002_png.rf.3a691a	SNAPPED	0.65	11
nbacourt_0928_frame_0004_png.rf.e6d570	SNAPPED	0.65	9
nbacourt_0280_frame_0001_png.rf.b719cb	SNAPPED	0.65	14
nbacourt_0775_frame_0004_png.rf.26bfd1	SNAPPED	0.65	13
nbacourt_0591_frame_0003_png.rf.46456e	SNAPPED	0.65	15
nbacourt_0063_frame_0000_png.rf.797712	SNAPPED	0.65	13
nbacourt_1824_frame_0012_png.rf.d971c5	SNAPPED	0.65	15
nbacourt_2063_frame_0005_png.rf.16d8c2	SNAPPED	0.65	13
nbacourt_1913_frame_0018_png.rf.5986b9	KEPT	0.65	18
nbacourt_1006_frame_0005_png.rf.449c56	SNAPPED	0.65	15
nbacourt_1122_frame_0005_png.rf.cb1a6c	SNAPPED	0.65	10
nbacourt_2116_frame_0008_png.rf.217ca0	SNAPPED	0.64	9
nbacourt_0344_frame_0002_png.rf.0ffeaf	SNAPPED	0.64	13
nbacourt_0027_frame_0000_png.rf.2b3b39	SNAPPED	0.64	9
nbacourt_2093_frame_0006_png.rf.d90e77	SNAPPED	0.64	14
nbacourt_1369_frame_0007_png.rf.30d294	KEPT	0.64	14
nbacourt_1442_frame_0007_png.rf.b092e7	SNAPPED	0.64	12
nbacourt_1832_frame_0013_png.rf.256bc5	SNAPPED	0.64	10
nbacourt_2105_frame_0007_png.rf.41b6ea	SNAPPED	0.64	15
nbacourt_0244_frame_0001_png.rf.8fba85	SNAPPED	0.64	13
nbacourt_1630_frame_0009_png.rf.4dd1e0	SNAPPED	0.64	12
nbacourt_0983_frame_0005_png.rf.20c90f	SNAPPED	0.64	14
nbacourt_0881_frame_0004_png.rf.a5b9fb	SNAPPED	0.64	14
nbacourt_0377_frame_0002_png.rf.438266	SNAPPED	0.64	15
nbacourt_1342_frame_0007_png.rf.091707	SNAPPED	0.64	15
nbacourt_0224_frame_0001_png.rf.700d4a	SNAPPED	0.64	10
nbacourt_0367_frame_0002_png.rf.3a9474	SNAPPED	0.64	16
nbacourt_0972_frame_0005_png.rf.160c63	SNAPPED	0.64	15
nbacourt_1071_frame_0005_png.rf.960328	SNAPPED	0.64	12
nbacourt_0113_frame_0000_png.rf.d3f34b	SNAPPED	0.64	13
nbacourt_1046_frame_0005_png.rf.7af2c9	SNAPPED	0.64	15
nbacourt_0431_frame_0002_png.rf.87fc6a	SNAPPED	0.64	13
nbacourt_1467_frame_0007_png.rf.e21869	SNAPPED	0.64	13
nbacourt_0086_frame_0000_png.rf.aa2c96	SNAPPED	0.64	12
nbacourt_0324_frame_0001_png.rf.fc7c19	SNAPPED	0.64	14
nbacourt_1304_frame_0006_png.rf.d5fef0	SNAPPED	0.64	15
nbacourt_2103_frame_0007_png.rf.2f3a3b	SNAPPED	0.64	11
nbacourt_1255_frame_0006_png.rf.89e8cb	SNAPPED	0.63	11
nbacourt_1522_frame_0008_png.rf.3f47f9	SNAPPED	0.63	16
nbacourt_1596_frame_0008_png.rf.e95766	KEPT	0.63	15
nbacourt_0166_frame_0001_png.rf.1fab6c	SNAPPED	0.63	17
nbacourt_1217_frame_0006_png.rf.4967a4	SNAPPED	0.63	16
nbacourt_0310_frame_0001_png.rf.eb09a8	SNAPPED	0.63	18
nbacourt_0409_frame_0002_png.rf.6df609	SNAPPED	0.63	14
nbacourt_0016_frame_0000_png.rf.1ebc90	SNAPPED	0.63	15
nbacourt_0939_frame_0004_png.rf.f34345	SNAPPED	0.63	14
nbacourt_2166_frame_0021_png.rf.f3b5c0	SNAPPED	0.63	18
nbacourt_1859_frame_0014_png.rf.2216b6	SNAPPED	0.63	18
nbacourt_0138_frame_0000_png.rf.fd4079	SNAPPED	0.63	15
nbacourt_0979_frame_0005_png.rf.1e2c98	SNAPPED	0.63	15
nbacourt_0907_frame_0004_png.rf.c6a82e	SNAPPED	0.63	14
nbacourt_0821_frame_0004_png.rf.5b7f93	KEPT	0.63	11
nbacourt_0372_frame_0002_png.rf.3eba57	SNAPPED	0.63	12
nbacourt_0993_frame_0005_png.rf.2e4f98	SNAPPED	0.62	12
nbacourt_1487_frame_0007_png.rf.fa60a5	SNAPPED	0.62	12
nbacourt_0967_frame_0005_png.rf.10bc92	SNAPPED	0.62	15
nbacourt_1741_frame_0010_png.rf.c27bbf	SNAPPED	0.62	16
nbacourt_0559_frame_0003_png.rf.20b4dd	SNAPPED	0.62	13
nbacourt_1574_frame_0008_png.rf.bb4be6	SNAPPED	0.62	15
nbacourt_0405_frame_0002_png.rf.675ff4	KEPT	0.62	16
nbacourt_1892_frame_0016_png.rf.c343c5	SNAPPED	0.62	15
nbacourt_2097_frame_0006_png.rf.e826f9	SNAPPED	0.62	12
nbacourt_1353_frame_0007_png.rf.152ba9	SNAPPED	0.62	15
nbacourt_2217_frame_0005_png.rf.f13e7d	SNAPPED	0.62	9
nbacourt_0288_frame_0001_png.rf.bebb39	KEPT	0.62	15
nbacourt_1873_frame_0014_png.rf.b2399e	SNAPPED	0.61	18
nbacourt_2065_frame_0005_png.rf.3bce46	SNAPPED	0.61	14
nbacourt_0915_frame_0004_png.rf.d3cd7a	SNAPPED	0.61	13
nbacourt_0157_frame_0001_png.rf.160d1c	SNAPPED	0.61	15
nbacourt_1981_frame_0000_png.rf.2ae882	SNAPPED	0.61	11
nbacourt_0965_frame_0005_png.rf.1009da	KEPT	0.61	13
nbacourt_0762_frame_0004_png.rf.16dfa2	SNAPPED	0.61	10
nbacourt_1451_frame_0007_png.rf.bf016d	SNAPPED	0.61	12
nbacourt_1541_frame_0008_png.rf.64ccec	SNAPPED	0.61	15
nbacourt_0218_frame_0001_png.rf.65982b	SNAPPED	0.61	12
nbacourt_1897_frame_0017_png.rf.188aa8	SNAPPED	0.61	15
nbacourt_0069_frame_0000_png.rf.82603c	SNAPPED	0.61	11
nbacourt_1355_frame_0007_png.rf.18f252	SNAPPED	0.61	10
nbacourt_0782_frame_0004_png.rf.2b62f3	SNAPPED	0.61	12
nbacourt_0031_frame_0000_png.rf.32d491	SNAPPED	0.61	10
nbacourt_1142_frame_0005_png.rf.e5e109	SNAPPED	0.61	13
nbacourt_0574_frame_0003_png.rf.32d963	SNAPPED	0.61	15
nbacourt_1443_frame_0007_png.rf.b0e9dc	SNAPPED	0.61	15
nbacourt_1904_frame_0017_png.rf.b047b9	SNAPPED	0.61	16
nbacourt_0953_frame_0005_png.rf.03e729	SNAPPED	0.61	16
nbacourt_0631_frame_0003_png.rf.6fc01d	SNAPPED	0.61	15
nbacourt_1472_frame_0007_png.rf.e8c3dd	SNAPPED	0.61	12
nbacourt_1165_frame_0005_png.rf.f856d7	SNAPPED	0.61	15
nbacourt_0028_frame_0000_png.rf.2bc8e2	SNAPPED	0.61	8
nbacourt_0733_frame_0003_png.rf.ee4dd0	SNAPPED	0.61	16
nbacourt_2240_frame_0010_png.rf.18951d	SNAPPED	0.61	15
nbacourt_1061_frame_0005_png.rf.87f1a8	SNAPPED	0.61	12
nbacourt_1000_frame_0005_png.rf.36121b	SNAPPED	0.61	15
nbacourt_1478_frame_0007_png.rf.ee64e7	SNAPPED	0.61	15
nbacourt_2035_frame_0003_png.rf.ced3f5	SNAPPED	0.61	15
nbacourt_0093_frame_0000_png.rf.b38c93	SNAPPED	0.61	15
nbacourt_1555_frame_0008_png.rf.83bed3	SNAPPED	0.61	15
nbacourt_0279_frame_0001_png.rf.b6e21c	SNAPPED	0.60	14
nbacourt_2075_frame_0006_png.rf.0db997	KEPT	0.60	17
nbacourt_0454_frame_0002_png.rf.a3b95e	SNAPPED	0.60	15
nbacourt_1604_frame_0008_png.rf.fe8939	SNAPPED	0.60	10
nbacourt_0019_frame_0000_png.rf.20af22	SNAPPED	0.60	10
nbacourt_2058_frame_0004_png.rf.e81c35	SNAPPED	0.60	15
nbacourt_2030_frame_0003_png.rf.834c3e	SNAPPED	0.60	12
nbacourt_0695_frame_0003_png.rf.c275da	SNAPPED	0.60	15
nbacourt_1184_frame_0006_png.rf.0cb599	SNAPPED	0.60	15
nbacourt_0640_frame_0003_png.rf.7fb988	SNAPPED	0.60	14
nbacourt_1984_frame_0000_png.rf.909032	SNAPPED	0.60	15
nbacourt_0586_frame_0003_png.rf.413c64	SNAPPED	0.60	15
nbacourt_1651_frame_0009_png.rf.86a964	SNAPPED	0.60	13
nbacourt_0971_frame_0005_png.rf.13c8c7	SNAPPED	0.60	13
nbacourt_1424_frame_0007_png.rf.9bed39	SNAPPED	0.60	16
nbacourt_2118_frame_0008_png.rf.48fd74	SNAPPED	0.60	11
nbacourt_0089_frame_0000_png.rf.ae15e3	SNAPPED	0.59	15
nbacourt_1886_frame_0016_png.rf.3a7437	SNAPPED	0.59	13
nbacourt_2135_frame_0009_png.rf.eeb6a2	SNAPPED	0.59	15
nbacourt_1093_frame_0005_png.rf.b0e76a	SNAPPED	0.59	12
nbacourt_1948_frame_0023_png.rf.635104	SNAPPED	0.59	10
nbacourt_0969_frame_0005_png.rf.112cae	SNAPPED	0.59	15
nbacourt_0987_frame_0005_png.rf.25e5f4	SNAPPED	0.59	16
nbacourt_0333_frame_0002_png.rf.07b3bd	SNAPPED	0.59	15
nbacourt_1139_frame_0005_png.rf.e37fba	SNAPPED	0.59	15
nbacourt_0412_frame_0002_png.rf.6e9d7d	SNAPPED	0.59	17
nbacourt_0025_frame_0000_png.rf.2ad52f	KEPT	0.59	14
nbacourt_1821_frame_0012_png.rf.c9bf24	SNAPPED	0.59	9
nbacourt_1726_frame_0010_png.rf.91e35d	SNAPPED	0.59	14
nbacourt_1027_frame_0005_png.rf.617398	SNAPPED	0.59	15
nbacourt_0234_frame_0001_png.rf.7aca52	SNAPPED	0.59	15
nbacourt_1653_frame_0009_png.rf.8a0f52	SNAPPED	0.59	16
nbacourt_0866_frame_0004_png.rf.8d66e0	SNAPPED	0.59	13
nbacourt_0029_frame_0000_png.rf.2d4436	SNAPPED	0.59	13
nbacourt_1868_frame_0014_png.rf.8e9c79	SNAPPED	0.59	16
nbacourt_0337_frame_0002_png.rf.0aae8d	SNAPPED	0.59	15
nbacourt_0370_frame_0002_png.rf.3ac3ae	SNAPPED	0.59	15
nbacourt_0044_frame_0000_png.rf.4fbf67	KEPT	0.59	15
nbacourt_0416_frame_0002_png.rf.74c731	SNAPPED	0.59	14
nbacourt_1308_frame_0006_png.rf.d9ce89	SNAPPED	0.59	16
nbacourt_1531_frame_0008_png.rf.4ab45c	SNAPPED	0.59	15
nbacourt_1332_frame_0006_png.rf.fc64ee	SNAPPED	0.59	12
nbacourt_0681_frame_0003_png.rf.b140ca	SNAPPED	0.59	15
nbacourt_1875_frame_0014_png.rf.ca2ae3	SNAPPED	0.59	18
nbacourt_1885_frame_0016_png.rf.15d6f7	SNAPPED	0.59	15
nbacourt_1621_frame_0009_png.rf.36d2da	SNAPPED	0.58	13
nbacourt_2055_frame_0004_png.rf.c1a926	SNAPPED	0.58	15
nbacourt_0466_frame_0002_png.rf.ae8b75	SNAPPED	0.58	15
nbacourt_0268_frame_0001_png.rf.ac5dfd	SNAPPED	0.58	15
nbacourt_2253_frame_0011_png.rf.d55bc8	SNAPPED	0.58	15
nbacourt_1626_frame_0009_png.rf.4517da	SNAPPED	0.58	13
nbacourt_1690_frame_0009_png.rf.f793d2	SNAPPED	0.58	15
nbacourt_1014_frame_0005_png.rf.4c3435	SNAPPED	0.58	9
nbacourt_1199_frame_0006_png.rf.300a2f	SNAPPED	0.58	14
nbacourt_1301_frame_0006_png.rf.d38bfa	SNAPPED	0.58	15
nbacourt_1117_frame_0005_png.rf.c7ccbb	SNAPPED	0.58	14
nbacourt_1843_frame_0013_png.rf.876e43	SNAPPED	0.58	18
nbacourt_1136_frame_0005_png.rf.dd7f70	SNAPPED	0.58	12
nbacourt_1836_frame_0013_png.rf.43a9b2	SNAPPED	0.58	14
nbacourt_0012_frame_0000_png.rf.1a1498	SNAPPED	0.58	15
nbacourt_0552_frame_0003_png.rf.155ec1	SNAPPED	0.58	16
nbacourt_1655_frame_0009_png.rf.8dd644	SNAPPED	0.58	11
nbacourt_1103_frame_0005_png.rf.b88412	SNAPPED	0.58	12
nbacourt_0662_frame_0003_png.rf.9dbc36	SNAPPED	0.58	15
nbacourt_1421_frame_0007_png.rf.90b75d	SNAPPED	0.57	16
nbacourt_1677_frame_0009_png.rf.cde0f7	SNAPPED	0.57	12
nbacourt_0004_frame_0000_png.rf.0ba2ed	SNAPPED	0.57	12
nbacourt_1775_frame_0011_png.rf.82cc17	SNAPPED	0.57	16
nbacourt_0590_frame_0003_png.rf.447152	SNAPPED	0.57	15
nbacourt_0094_frame_0000_png.rf.b3bf6c	SNAPPED	0.57	12
nbacourt_0708_frame_0003_png.rf.cd4f7a	SNAPPED	0.57	10
nbacourt_1618_frame_0009_png.rf.32dfaa	SNAPPED	0.57	16
nbacourt_1401_frame_0007_png.rf.5db518	SNAPPED	0.57	15
nbacourt_2232_frame_0007_png.rf.f9e0b6	SNAPPED	0.57	9
nbacourt_1894_frame_0016_png.rf.f3a272	SNAPPED	0.57	14
nbacourt_0726_frame_0003_png.rf.df82bd	SNAPPED	0.57	14
nbacourt_0229_frame_0001_png.rf.753eba	SNAPPED	0.57	15
nbacourt_1693_frame_0010_png.rf.14ddb3	SNAPPED	0.57	15
nbacourt_1213_frame_0006_png.rf.44bbb8	SNAPPED	0.57	14
nbacourt_0956_frame_0005_png.rf.05a9a7	SNAPPED	0.57	12
nbacourt_2106_frame_0007_png.rf.61504d	SNAPPED	0.57	16
nbacourt_1347_frame_0007_png.rf.0d2796	SNAPPED	0.57	10
nbacourt_1435_frame_0007_png.rf.a8c635	KEPT	0.57	14
nbacourt_0827_frame_0004_png.rf.6081e1	SNAPPED	0.57	13
nbacourt_1178_frame_0006_png.rf.030abe	SNAPPED	0.57	13
nbacourt_1587_frame_0008_png.rf.da4826	SNAPPED	0.57	16
nbacourt_1133_frame_0005_png.rf.d77581	SNAPPED	0.57	16
nbacourt_2045_frame_0004_png.rf.7d0fb9	SNAPPED	0.57	13
nbacourt_1680_frame_0009_png.rf.e18851	SNAPPED	0.57	9
nbacourt_1907_frame_0017_png.rf.f66382	SNAPPED	0.57	17
nbacourt_0397_frame_0002_png.rf.5afdd6	SNAPPED	0.57	11
nbacourt_1075_frame_0005_png.rf.9bf5ee	SNAPPED	0.57	12
nbacourt_1756_frame_0011_png.rf.13a298	SNAPPED	0.57	17
nbacourt_1895_frame_0016_png.rf.f70373	SNAPPED	0.57	13
nbacourt_0997_frame_0005_png.rf.32a4f5	SNAPPED	0.56	15
nbacourt_1501_frame_0008_png.rf.166d1c	KEPT	0.56	15
nbacourt_0251_frame_0001_png.rf.9736f8	SNAPPED	0.56	13
nbacourt_0432_frame_0002_png.rf.8802b7	SNAPPED	0.56	13
nbacourt_0183_frame_0001_png.rf.3be754	SNAPPED	0.56	9
nbacourt_0036_frame_0000_png.rf.3a5a32	SNAPPED	0.56	18
nbacourt_2222_frame_0006_png.rf.384ec7	SNAPPED	0.56	15
nbacourt_2098_frame_0006_png.rf.e9891c	SNAPPED	0.56	14
nbacourt_1275_frame_0006_png.rf.b002b5	SNAPPED	0.56	15
nbacourt_1844_frame_0013_png.rf.88f004	SNAPPED	0.56	14
nbacourt_2104_frame_0007_png.rf.3d7578	SNAPPED	0.56	15
nbacourt_1983_frame_0000_png.rf.626491	SNAPPED	0.56	22
nbacourt_0266_frame_0001_png.rf.aa13b0	SNAPPED	0.56	9
nbacourt_0642_frame_0003_png.rf.7fd7c0	SNAPPED	0.56	18
nbacourt_0483_frame_0002_png.rf.c23f97	SNAPPED	0.56	12
nbacourt_0153_frame_0001_png.rf.0d759a	SNAPPED	0.56	11
nbacourt_0075_frame_0000_png.rf.8ed2d0	KEPT	0.56	15
nbacourt_1723_frame_0010_png.rf.810b75	SNAPPED	0.56	15
nbacourt_0549_frame_0003_png.rf.11f39b	SNAPPED	0.56	15
nbacourt_1544_frame_0008_png.rf.6d63aa	SNAPPED	0.56	15
nbacourt_1116_frame_0005_png.rf.c41015	SNAPPED	0.56	14
nbacourt_1464_frame_0007_png.rf.d5a040	KEPT	0.56	16
nbacourt_0033_frame_0000_png.rf.381a8f	SNAPPED	0.56	14
nbacourt_1870_frame_0014_png.rf.9c98ef	SNAPPED	0.56	18
nbacourt_1284_frame_0006_png.rf.bcac80	SNAPPED	0.56	14
nbacourt_0860_frame_0004_png.rf.871bb8	SNAPPED	0.56	13
nbacourt_1396_frame_0007_png.rf.56f8d7	SNAPPED	0.56	13
nbacourt_0973_frame_0005_png.rf.166d98	SNAPPED	0.55	12
nbacourt_1453_frame_0007_png.rf.c0e45b	SNAPPED	0.55	14
nbacourt_1511_frame_0008_png.rf.225c89	KEPT	0.55	15
nbacourt_1703_frame_0010_png.rf.235e23	SNAPPED	0.55	14
nbacourt_1343_frame_0007_png.rf.093555	SNAPPED	0.55	13
nbacourt_0484_frame_0002_png.rf.c2ded0	SNAPPED	0.55	14
nbacourt_2152_frame_0012_png.rf.fadb42	SNAPPED	0.55	11
nbacourt_0247_frame_0001_png.rf.91ec9a	SNAPPED	0.55	13
nbacourt_0825_frame_0004_png.rf.5f90ef	SNAPPED	0.55	14
nbacourt_0006_frame_0000_png.rf.0e3002	SNAPPED	0.55	15
nbacourt_0823_frame_0004_png.rf.5ce73c	SNAPPED	0.55	15
nbacourt_2112_frame_0007_png.rf.d10ec6	SNAPPED	0.55	17
nbacourt_1224_frame_0006_png.rf.4f2656	SNAPPED	0.55	14
nbacourt_1507_frame_0008_png.rf.1c0aa2	SNAPPED	0.55	16
nbacourt_0249_frame_0001_png.rf.92322e	SNAPPED	0.55	12
nbacourt_1186_frame_0006_png.rf.12753e	SNAPPED	0.55	13
nbacourt_2214_frame_0005_png.rf.6044dc	SNAPPED	0.55	15
nbacourt_0365_frame_0002_png.rf.393939	SNAPPED	0.55	13
nbacourt_1620_frame_0009_png.rf.35fd02	SNAPPED	0.55	14
nbacourt_1271_frame_0006_png.rf.a32706	SNAPPED	0.55	14
nbacourt_0168_frame_0001_png.rf.25c0c5	SNAPPED	0.55	13
nbacourt_0447_frame_0002_png.rf.9786ef	KEPT	0.54	15
nbacourt_2022_frame_0003_png.rf.121270	SNAPPED	0.54	13
nbacourt_0179_frame_0001_png.rf.38bab7	SNAPPED	0.54	16
nbacourt_1993_frame_0001_png.rf.0494d5	SNAPPED	0.54	21
nbacourt_0682_frame_0003_png.rf.b2a3b5	SNAPPED	0.54	15
nbacourt_0817_frame_0004_png.rf.5a2237	SNAPPED	0.54	13
nbacourt_0105_frame_0000_png.rf.c1e6f9	SNAPPED	0.54	13
nbacourt_1372_frame_0007_png.rf.346e5f	SNAPPED	0.54	11
nbacourt_1383_frame_0007_png.rf.3ffc55	SNAPPED	0.54	12
nbacourt_0184_frame_0001_png.rf.3c3535	SNAPPED	0.54	18
nbacourt_1210_frame_0006_png.rf.42cb76	SNAPPED	0.54	12
nbacourt_1842_frame_0013_png.rf.830109	SNAPPED	0.54	16
nbacourt_0435_frame_0002_png.rf.8b1a6d	SNAPPED	0.54	12
nbacourt_0497_frame_0002_png.rf.d9e352	SNAPPED	0.54	13
nbacourt_0977_frame_0005_png.rf.1c7982	SNAPPED	0.54	12
nbacourt_1086_frame_0005_png.rf.aa2b57	SNAPPED	0.54	14
nbacourt_1955_frame_0025_png.rf.e5bc1a	SNAPPED	0.54	9
nbacourt_0578_frame_0003_png.rf.387763	KEPT	0.54	12
nbacourt_0240_frame_0001_png.rf.88002b	SNAPPED	0.54	13
nbacourt_1286_frame_0006_png.rf.c3f574	SNAPPED	0.54	14
nbacourt_2028_frame_0003_png.rf.4de1a8	SNAPPED	0.54	11
nbacourt_0150_frame_0001_png.rf.0a37e2	SNAPPED	0.54	15
nbacourt_1543_frame_0008_png.rf.6c0bc7	SNAPPED	0.54	14
nbacourt_1648_frame_0009_png.rf.84541d	SNAPPED	0.54	14
nbacourt_2181_frame_0001_png.rf.81f902	SNAPPED	0.54	12
nbacourt_0982_frame_0005_png.rf.207286	SNAPPED	0.54	15
nbacourt_1358_frame_0007_png.rf.215655	SNAPPED	0.54	15
nbacourt_1945_frame_0023_png.rf.2d47b9	SNAPPED	0.54	14
nbacourt_0507_frame_0002_png.rf.e29c3c	SNAPPED	0.54	12
nbacourt_1250_frame_0006_png.rf.82ec66	SNAPPED	0.53	15
nbacourt_1994_frame_0001_png.rf.49f40d	SNAPPED	0.53	13
nbacourt_0040_frame_0000_png.rf.44195c	SNAPPED	0.53	14
nbacourt_1398_frame_0007_png.rf.58d5e8	SNAPPED	0.53	10
nbacourt_0065_frame_0000_png.rf.7bd5a5	SNAPPED	0.53	12
nbacourt_0049_frame_0000_png.rf.6009ae	SNAPPED	0.53	12
nbacourt_1022_frame_0005_png.rf.5a6743	SNAPPED	0.53	15
nbacourt_0567_frame_0003_png.rf.2d91b0	SNAPPED	0.53	15
nbacourt_0026_frame_0000_png.rf.2b1b89	SNAPPED	0.53	9
nbacourt_2147_frame_0012_png.rf.227575	SNAPPED	0.53	14
nbacourt_1622_frame_0009_png.rf.36e4ca	SNAPPED	0.53	14
nbacourt_2141_frame_0010_png.rf.cb51e3	SNAPPED	0.53	10
nbacourt_2149_frame_0012_png.rf.9179ff	SNAPPED	0.53	13
nbacourt_1863_frame_0014_png.rf.412950	SNAPPED	0.53	16
nbacourt_1180_frame_0006_png.rf.0468be	SNAPPED	0.53	15
nbacourt_0581_frame_0003_png.rf.3b8a13	SNAPPED	0.53	13
nbacourt_0127_frame_0000_png.rf.ebb437	SNAPPED	0.53	11
nbacourt_1205_frame_0006_png.rf.36c3ce	SNAPPED	0.53	14
nbacourt_1246_frame_0006_png.rf.80317e	SNAPPED	0.53	15
nbacourt_0332_frame_0002_png.rf.06a3e0	SNAPPED	0.53	13
nbacourt_2053_frame_0004_png.rf.aafff9	SNAPPED	0.53	11
nbacourt_1470_frame_0007_png.rf.e51202	SNAPPED	0.53	15
nbacourt_0566_frame_0003_png.rf.2aef74	SNAPPED	0.53	13
nbacourt_0903_frame_0004_png.rf.bdf01d	SNAPPED	0.53	12
nbacourt_0434_frame_0002_png.rf.89c19c	SNAPPED	0.53	14
nbacourt_1559_frame_0008_png.rf.8c1f2c	SNAPPED	0.53	16
nbacourt_1035_frame_0005_png.rf.6c98a0	SNAPPED	0.53	12
nbacourt_0705_frame_0003_png.rf.c85590	SNAPPED	0.53	14
nbacourt_0811_frame_0004_png.rf.551555	SNAPPED	0.53	11
nbacourt_0854_frame_0004_png.rf.7edf85	SNAPPED	0.53	15
nbacourt_0946_frame_0004_png.rf.fc8072	SNAPPED	0.53	15
nbacourt_2230_frame_0007_png.rf.70110a	SNAPPED	0.53	13
nbacourt_2130_frame_0009_png.rf.8e43ba	SNAPPED	0.53	11
nbacourt_1445_frame_0007_png.rf.b50764	SNAPPED	0.53	16
nbacourt_1644_frame_0009_png.rf.7a109c	SNAPPED	0.53	14
nbacourt_1329_frame_0006_png.rf.f55710	SNAPPED	0.53	12
nbacourt_1173_frame_0005_png.rf.feeee7	SNAPPED	0.52	15
nbacourt_0575_frame_0003_png.rf.367d7b	SNAPPED	0.52	15
nbacourt_0453_frame_0002_png.rf.a33285	SNAPPED	0.52	15
nbacourt_0160_frame_0001_png.rf.17924e	SNAPPED	0.52	13
nbacourt_1066_frame_0005_png.rf.8d0c24	SNAPPED	0.52	14
nbacourt_2018_frame_0002_png.rf.bd9589	SNAPPED	0.52	11
nbacourt_1637_frame_0009_png.rf.6909f9	SNAPPED	0.52	15
nbacourt_1371_frame_0007_png.rf.33c68f	SNAPPED	0.52	12
nbacourt_1084_frame_0005_png.rf.a8fd64	SNAPPED	0.52	12
nbacourt_1947_frame_0023_png.rf.5fe85b	SNAPPED	0.52	14
nbacourt_0149_frame_0001_png.rf.09e7cd	SNAPPED	0.52	13
nbacourt_1230_frame_0006_png.rf.5dda02	SNAPPED	0.52	12
nbacourt_2122_frame_0008_png.rf.b1a445	SNAPPED	0.52	12
nbacourt_0450_frame_0002_png.rf.9e5200	SNAPPED	0.52	14
nbacourt_0352_frame_0002_png.rf.21a655	SNAPPED	0.52	15
nbacourt_2000_frame_0001_png.rf.b948be	SNAPPED	0.52	13
nbacourt_0788_frame_0004_png.rf.320dab	SNAPPED	0.52	12
nbacourt_0647_frame_0003_png.rf.85a207	SNAPPED	0.52	13
nbacourt_0879_frame_0004_png.rf.a54be7	SNAPPED	0.52	12
nbacourt_1631_frame_0009_png.rf.51cfeb	SNAPPED	0.52	16
nbacourt_0869_frame_0004_png.rf.91646a	SNAPPED	0.52	14
nbacourt_0390_frame_0002_png.rf.51598a	SNAPPED	0.52	21
nbacourt_0594_frame_0003_png.rf.4abe5a	SNAPPED	0.52	15
nbacourt_1586_frame_0008_png.rf.d8983c	SNAPPED	0.52	15
nbacourt_0252_frame_0001_png.rf.9918d5	SNAPPED	0.52	13
nbacourt_1099_frame_0005_png.rf.b55893	SNAPPED	0.52	12
nbacourt_0041_frame_0000_png.rf.4a7f68	SNAPPED	0.51	17
nbacourt_1416_frame_0007_png.rf.867917	SNAPPED	0.51	15
nbacourt_1349_frame_0007_png.rf.0d97ca	SNAPPED	0.51	12
nbacourt_0701_frame_0003_png.rf.c70028	SNAPPED	0.51	13
nbacourt_0151_frame_0001_png.rf.0cdea2	SNAPPED	0.51	15
nbacourt_0475_frame_0002_png.rf.bb069c	SNAPPED	0.51	15
nbacourt_1513_frame_0008_png.rf.2773b7	SNAPPED	0.51	11
nbacourt_0290_frame_0001_png.rf.c82980	SNAPPED	0.51	15
nbacourt_1009_frame_0005_png.rf.484cbd	SNAPPED	0.51	14
nbacourt_0313_frame_0001_png.rf.ee15b4	SNAPPED	0.51	15
nbacourt_1812_frame_0012_png.rf.74dd34	SNAPPED	0.51	12
nbacourt_0809_frame_0004_png.rf.4f2186	SNAPPED	0.51	13
nbacourt_0599_frame_0003_png.rf.51ef17	SNAPPED	0.51	15
nbacourt_2148_frame_0012_png.rf.83e37d	SNAPPED	0.51	9
nbacourt_1104_frame_0005_png.rf.b8e372	SNAPPED	0.51	12
nbacourt_0789_frame_0004_png.rf.359496	SNAPPED	0.51	14
nbacourt_0743_frame_0003_png.rf.ff0a08	SNAPPED	0.51	16
nbacourt_2013_frame_0002_png.rf.8410b8	SNAPPED	0.51	18
nbacourt_0359_frame_0002_png.rf.2fed03	SNAPPED	0.51	15
nbacourt_1446_frame_0007_png.rf.b6cd3b	KEPT	0.51	14
nbacourt_0061_frame_0000_png.rf.72768e	SNAPPED	0.51	11
nbacourt_1315_frame_0006_png.rf.e509b0	SNAPPED	0.51	13
nbacourt_1681_frame_0009_png.rf.e457e7	SNAPPED	0.51	16
nbacourt_1705_frame_0010_png.rf.2fb0db	SNAPPED	0.51	12
nbacourt_1177_frame_0006_png.rf.01d413	SNAPPED	0.51	13
nbacourt_0336_frame_0002_png.rf.0a21c7	SNAPPED	0.51	16
nbacourt_1581_frame_0008_png.rf.c96fb4	SNAPPED	0.51	12
nbacourt_2258_frame_0022_png.rf.269f0e	SNAPPED	0.51	15
nbacourt_1482_frame_0007_png.rf.f630df	SNAPPED	0.51	10
nbacourt_0495_frame_0002_png.rf.d30ae4	SNAPPED	0.51	12
nbacourt_0932_frame_0004_png.rf.eb4ad6	SNAPPED	0.51	15
nbacourt_1484_frame_0007_png.rf.f7d29d	SNAPPED	0.51	9
nbacourt_0404_frame_0002_png.rf.64e8cd	SNAPPED	0.51	12
nbacourt_1632_frame_0009_png.rf.55e283	SNAPPED	0.51	14
nbacourt_0147_frame_0001_png.rf.0719cf	SNAPPED	0.51	15
nbacourt_2047_frame_0004_png.rf.8caf25	SNAPPED	0.51	13
nbacourt_1068_frame_0005_png.rf.8dcf73	SNAPPED	0.51	12
nbacourt_0533_frame_0002_png.rf.fd6049	SNAPPED	0.51	13
nbacourt_1420_frame_0007_png.rf.90907e	SNAPPED	0.51	15
nbacourt_1783_frame_0011_png.rf.a7b60a	SNAPPED	0.51	9
nbacourt_1700_frame_0010_png.rf.1dfaec	SNAPPED	0.51	13
nbacourt_0292_frame_0001_png.rf.ca7cf9	SNAPPED	0.51	15
nbacourt_1848_frame_0013_png.rf.bcbec9	SNAPPED	0.51	14
nbacourt_0917_frame_0004_png.rf.d64402	SNAPPED	0.51	14
nbacourt_0340_frame_0002_png.rf.0cdc64	SNAPPED	0.51	16
nbacourt_1466_frame_0007_png.rf.db9940	SNAPPED	0.51	14
nbacourt_0933_frame_0004_png.rf.ec5231	SNAPPED	0.51	12
nbacourt_0021_frame_0000_png.rf.230b31	SNAPPED	0.51	11
nbacourt_2101_frame_0007_png.rf.10dc89	SNAPPED	0.51	17
nbacourt_0073_frame_0000_png.rf.87d428	SNAPPED	0.51	9
nbacourt_0700_frame_0003_png.rf.c6da64	SNAPPED	0.50	15
nbacourt_0757_frame_0004_png.rf.11feaf	SNAPPED	0.50	12
nbacourt_1761_frame_0011_png.rf.2acf31	SNAPPED	0.50	12
nbacourt_0128_frame_0000_png.rf.ed3242	SNAPPED	0.50	15
nbacourt_2174_frame_0000_png.rf.aeb270	SNAPPED	0.50	15
nbacourt_0511_frame_0002_png.rf.e48e10	SNAPPED	0.50	16
nbacourt_1144_frame_0005_png.rf.e75371	SNAPPED	0.50	12
nbacourt_0796_frame_0004_png.rf.4472cc	SNAPPED	0.50	18
nbacourt_1085_frame_0005_png.rf.a9021e	SNAPPED	0.50	15
nbacourt_1642_frame_0009_png.rf.74bc4d	SNAPPED	0.50	13
nbacourt_0550_frame_0003_png.rf.12946d	SNAPPED	0.50	13
nbacourt_1161_frame_0005_png.rf.f452f2	SNAPPED	0.50	13
nbacourt_0277_frame_0001_png.rf.b53c61	SNAPPED	0.50	15
nbacourt_0555_frame_0003_png.rf.198c6a	SNAPPED	0.50	12
nbacourt_1695_frame_0010_png.rf.157eb8	SNAPPED	0.50	12
nbacourt_0872_frame_0004_png.rf.96a797	SNAPPED	0.50	14
nbacourt_1058_frame_0005_png.rf.855dee	SNAPPED	0.50	15
nbacourt_1257_frame_0006_png.rf.8b11a1	SNAPPED	0.50	14
nbacourt_1320_frame_0006_png.rf.e93985	SNAPPED	0.50	16
nbacourt_1601_frame_0008_png.rf.fc2ed5	KEPT	0.50	15
nbacourt_1200_frame_0006_png.rf.3199f2	SNAPPED	0.50	15
nbacourt_0430_frame_0002_png.rf.876e09	SNAPPED	0.50	13
nbacourt_0576_frame_0003_png.rf.3691f2	SNAPPED	0.50	12
nbacourt_2111_frame_0007_png.rf.85b7df	SNAPPED	0.50	12
nbacourt_0508_frame_0002_png.rf.e2ddf3	SNAPPED	0.50	11
nbacourt_0756_frame_0004_png.rf.11d4fc	SNAPPED	0.50	11
nbacourt_1649_frame_0009_png.rf.85e7cd	SNAPPED	0.50	9
nbacourt_2102_frame_0007_png.rf.1215d5	SNAPPED	0.50	13
nbacourt_1190_frame_0006_png.rf.1de9e5	SNAPPED	0.50	12
nbacourt_0919_frame_0004_png.rf.d8d135	SNAPPED	0.50	15
nbacourt_1316_frame_0006_png.rf.e5ec00	SNAPPED	0.50	15
nbacourt_1120_frame_0005_png.rf.ca686f	SNAPPED	0.50	12
nbacourt_0148_frame_0001_png.rf.07c67a	SNAPPED	0.50	16
nbacourt_0741_frame_0003_png.rf.fc6d29	SNAPPED	0.50	19
nbacourt_0521_frame_0002_png.rf.ec3976	SNAPPED	0.50	12
nbacourt_1155_frame_0005_png.rf.f0391a	SNAPPED	0.50	12
nbacourt_1101_frame_0005_png.rf.b62948	SNAPPED	0.50	15
nbacourt_1838_frame_0013_png.rf.55a06a	SNAPPED	0.50	15
nbacourt_1334_frame_0006_png.rf.fe2953	SNAPPED	0.50	15
nbacourt_0715_frame_0003_png.rf.d427cf	SNAPPED	0.50	12
nbacourt_1597_frame_0008_png.rf.f9b826	SNAPPED	0.50	14
nbacourt_1613_frame_0009_png.rf.1a5f0d	SNAPPED	0.50	16
nbacourt_2164_frame_0020_png.rf.711aae	SNAPPED	0.50	15
nbacourt_0740_frame_0003_png.rf.fc1141	SNAPPED	0.50	13
nbacourt_2083_frame_0006_png.rf.88fe90	SNAPPED	0.50	12
nbacourt_2076_frame_0006_png.rf.10d537	SNAPPED	0.50	16
nbacourt_1989_frame_0000_png.rf.bdced5	SNAPPED	0.50	13
nbacourt_1384_frame_0007_png.rf.412ea3	SNAPPED	0.50	15
nbacourt_1625_frame_0009_png.rf.429dbd	SNAPPED	0.50	16
nbacourt_1747_frame_0010_png.rf.d95b0c	SNAPPED	0.50	13
nbacourt_0285_frame_0001_png.rf.bc44c8	SNAPPED	0.50	18
nbacourt_0990_frame_0005_png.rf.29f264	SNAPPED	0.50	13
nbacourt_1890_frame_0016_png.rf.855851	SNAPPED	0.50	15
nbacourt_1554_frame_0008_png.rf.829438	SNAPPED	0.50	13
nbacourt_1810_frame_0012_png.rf.6ca039	SNAPPED	0.50	11
nbacourt_0989_frame_0005_png.rf.276b52	SNAPPED	0.50	14
nbacourt_1706_frame_0010_png.rf.3244b6	SNAPPED	0.50	14
nbacourt_1840_frame_0013_png.rf.704ec4	SNAPPED	0.50	15
nbacourt_0017_frame_0000_png.rf.1f030d	SNAPPED	0.50	12
nbacourt_0963_frame_0005_png.rf.0d92a9	SNAPPED	0.50	15
nbacourt_2211_frame_0004_png.rf.bc6495	SNAPPED	0.50	18
nbacourt_2073_frame_0005_png.rf.db8685	SNAPPED	0.50	12
nbacourt_0886_frame_0004_png.rf.aa2884	KEPT	0.50	15
nbacourt_0152_frame_0001_png.rf.0cfe0d	SNAPPED	0.50	15
nbacourt_0857_frame_0004_png.rf.82601a	SNAPPED	0.50	14
nbacourt_2078_frame_0006_png.rf.2a04d0	SNAPPED	0.50	14
nbacourt_1566_frame_0008_png.rf.a90351	SNAPPED	0.50	12
nbacourt_2237_frame_0009_png.rf.a9b668	SNAPPED	0.50	9
nbacourt_0606_frame_0003_png.rf.58e4bf	SNAPPED	0.50	15
nbacourt_1603_frame_0008_png.rf.fe88b4	SNAPPED	0.50	11
nbacourt_0580_frame_0003_png.rf.3a447b	SNAPPED	0.50	13
nbacourt_0604_frame_0003_png.rf.58156b	SNAPPED	0.50	19
nbacourt_0924_frame_0004_png.rf.e09be4	SNAPPED	0.50	13
nbacourt_0465_frame_0002_png.rf.ae5dcc	SNAPPED	0.50	12
nbacourt_0738_frame_0003_png.rf.f8000c	SNAPPED	0.50	13
nbacourt_0688_frame_0003_png.rf.bb4791	SNAPPED	0.50	13
nbacourt_1129_frame_0005_png.rf.d31059	SNAPPED	0.50	10
nbacourt_2019_frame_0002_png.rf.bff6b7	SNAPPED	0.50	15
nbacourt_2089_frame_0006_png.rf.b08cfd	SNAPPED	0.50	11
nbacourt_2110_frame_0007_png.rf.8573f8	SNAPPED	0.50	12
nbacourt_1108_frame_0005_png.rf.bcf2fa	SNAPPED	0.50	13
nbacourt_1189_frame_0006_png.rf.19d465	SNAPPED	0.50	11
nbacourt_2203_frame_0004_png.rf.1e2f90	SNAPPED	0.50	14
nbacourt_1091_frame_0005_png.rf.af0d4b	SNAPPED	0.50	15
nbacourt_2225_frame_0006_png.rf.c31ac2	SNAPPED	0.50	15
nbacourt_1414_frame_0007_png.rf.80b78b	SNAPPED	0.50	13
nbacourt_1736_frame_0010_png.rf.b0bdc1	SNAPPED	0.50	14
nbacourt_0940_frame_0004_png.rf.f3e461	SNAPPED	0.50	15
nbacourt_1564_frame_0008_png.rf.a50735	SNAPPED	0.50	15
nbacourt_2069_frame_0005_png.rf.a1cc51	SNAPPED	0.50	14
nbacourt_1560_frame_0008_png.rf.8d6bb1	SNAPPED	0.50	14
nbacourt_1568_frame_0008_png.rf.ae2e06	SNAPPED	0.50	15
nbacourt_0101_frame_0000_png.rf.bea62e	SNAPPED	0.50	10
nbacourt_2062_frame_0005_png.rf.144373	SNAPPED	0.50	15
nbacourt_2226_frame_0006_png.rf.ed8644	SNAPPED	0.50	14
nbacourt_1352_frame_0007_png.rf.133999	SNAPPED	0.50	15
nbacourt_0624_frame_0003_png.rf.69c5fa	SNAPPED	0.50	12
nbacourt_1239_frame_0006_png.rf.688db8	KEPT	0.50	12
nbacourt_1385_frame_0007_png.rf.428460	SNAPPED	0.50	13
nbacourt_1310_frame_0006_png.rf.dbce9c	SNAPPED	0.50	11
nbacourt_1244_frame_0006_png.rf.7d1021	SNAPPED	0.50	13
nbacourt_1222_frame_0006_png.rf.4bb926	SNAPPED	0.50	14
nbacourt_1269_frame_0006_png.rf.a1dbf4	SNAPPED	0.50	12
nbacourt_1391_frame_0007_png.rf.4cfae2	SNAPPED	0.50	14
nbacourt_0467_frame_0002_png.rf.b01221	SNAPPED	0.50	15
nbacourt_1494_frame_0008_png.rf.097566	SNAPPED	0.50	13
nbacourt_2085_frame_0006_png.rf.98b23b	SNAPPED	0.50	15
nbacourt_1900_frame_0017_png.rf.62b333	SNAPPED	0.50	20
nbacourt_2125_frame_0008_png.rf.daff91	SNAPPED	0.50	14
nbacourt_1815_frame_0012_png.rf.988c71	KEPT	0.50	12
nbacourt_0661_frame_0003_png.rf.9a37db	SNAPPED	0.50	12
nbacourt_1437_frame_0007_png.rf.aad2a4	KEPT	0.50	14
nbacourt_0871_frame_0004_png.rf.95fe9f	SNAPPED	0.50	13
nbacourt_1573_frame_0008_png.rf.b967ef	SNAPPED	0.50	12
nbacourt_1432_frame_0007_png.rf.a18190	SNAPPED	0.50	15
nbacourt_0457_frame_0002_png.rf.a77dc3	SNAPPED	0.50	15
nbacourt_0378_frame_0002_png.rf.448698	SNAPPED	0.50	12
nbacourt_0571_frame_0003_png.rf.3116ba	SNAPPED	0.50	13
nbacourt_1073_frame_0005_png.rf.9968f5	SNAPPED	0.50	14
nbacourt_1228_frame_0006_png.rf.58e21b	SNAPPED	0.50	14
nbacourt_1802_frame_0012_png.rf.113ec1	SNAPPED	0.50	15
nbacourt_2246_frame_0010_png.rf.fa141b	SNAPPED	0.50	13
nbacourt_0828_frame_0004_png.rf.6333b4	SNAPPED	0.50	13
nbacourt_0482_frame_0002_png.rf.c105c2	SNAPPED	0.50	15
nbacourt_1044_frame_0005_png.rf.78a9b9	SNAPPED	0.50	15
nbacourt_1999_frame_0001_png.rf.b8827a	SNAPPED	0.50	15
nbacourt_1195_frame_0006_png.rf.2301af	SNAPPED	0.50	15
nbacourt_1727_frame_0010_png.rf.94223a	SNAPPED	0.50	16
nbacourt_1679_frame_0009_png.rf.e06801	SNAPPED	0.50	16
nbacourt_1488_frame_0007_png.rf.fb7464	SNAPPED	0.50	12
nbacourt_0960_frame_0005_png.rf.0bd799	SNAPPED	0.50	15
nbacourt_1670_frame_0009_png.rf.baae50	SNAPPED	0.50	14
nbacourt_1456_frame_0007_png.rf.c8be8c	SNAPPED	0.50	10
nbacourt_2224_frame_0006_png.rf.bc0b03	SNAPPED	0.50	12
nbacourt_0258_frame_0001_png.rf.a277ef	SNAPPED	0.50	11
nbacourt_1831_frame_0013_png.rf.15f98b	SNAPPED	0.50	10
nbacourt_1845_frame_0013_png.rf.8f42e7	SNAPPED	0.50	14
nbacourt_0755_frame_0004_png.rf.110fe3	SNAPPED	0.50	13
nbacourt_1157_frame_0005_png.rf.f34352	SNAPPED	0.50	15
nbacourt_1841_frame_0013_png.rf.7d6661	SNAPPED	0.50	10
nbacourt_1076_frame_0005_png.rf.a26781	SNAPPED	0.50	15
nbacourt_0680_frame_0003_png.rf.b08e5a	SNAPPED	0.50	14
nbacourt_0289_frame_0001_png.rf.c6844c	SNAPPED	0.50	15
nbacourt_2205_frame_0004_png.rf.3ef6b4	SNAPPED	0.50	12
nbacourt_0189_frame_0001_png.rf.41d7ae	SNAPPED	0.50	13
nbacourt_2072_frame_0005_png.rf.d51900	SNAPPED	0.50	13
nbacourt_1944_frame_0023_png.rf.04141f	SNAPPED	0.50	13
nbacourt_1082_frame_0005_png.rf.a81f16	SNAPPED	0.50	10
nbacourt_0180_frame_0001_png.rf.3a2b8b	SNAPPED	0.50	13
nbacourt_1521_frame_0008_png.rf.39aa8d	SNAPPED	0.50	11
nbacourt_1717_frame_0010_png.rf.6fcfd8	SNAPPED	0.50	12
nbacourt_0790_frame_0004_png.rf.3b608d	SNAPPED	0.50	14
nbacourt_1505_frame_0008_png.rf.19e900	SNAPPED	0.50	13
nbacourt_1292_frame_0006_png.rf.ca333e	SNAPPED	0.50	15
nbacourt_1179_frame_0006_png.rf.041aac	SNAPPED	0.50	15
nbacourt_2092_frame_0006_png.rf.cdefeb	SNAPPED	0.50	18
nbacourt_2218_frame_0005_png.rf.fc25af	SNAPPED	0.50	10
nbacourt_1100_frame_0005_png.rf.b59cdc	SNAPPED	0.50	12
nbacourt_0433_frame_0002_png.rf.882a80	SNAPPED	0.50	16
nbacourt_1450_frame_0007_png.rf.beeda7	SNAPPED	0.50	13
nbacourt_1759_frame_0011_png.rf.1eccd5	SNAPPED	0.50	12
nbacourt_2158_frame_0015_png.rf.37123b	SNAPPED	0.50	15
nbacourt_0278_frame_0001_png.rf.b68af9	SNAPPED	0.50	16
nbacourt_2108_frame_0007_png.rf.7a800d	SNAPPED	0.49	12
nbacourt_0837_frame_0004_png.rf.6db27f	SNAPPED	0.49	13
nbacourt_0106_frame_0000_png.rf.c2edf0	SNAPPED	0.49	13
nbacourt_0612_frame_0003_png.rf.5de893	SNAPPED	0.49	14
nbacourt_1207_frame_0006_png.rf.3d79ff	SNAPPED	0.49	15
nbacourt_2172_frame_0000_png.rf.950e67	SNAPPED	0.49	13
nbacourt_0975_frame_0005_png.rf.1a3184	SNAPPED	0.49	15
nbacourt_0419_frame_0002_png.rf.761741	SNAPPED	0.49	22
nbacourt_2143_frame_0010_png.rf.f39b3f	SNAPPED	0.49	13
nbacourt_0207_frame_0001_png.rf.584ec8	SNAPPED	0.49	12
nbacourt_1702_frame_0010_png.rf.21800c	SNAPPED	0.49	15
nbacourt_2134_frame_0009_png.rf.da2825	SNAPPED	0.49	15
nbacourt_1809_frame_0012_png.rf.48157b	SNAPPED	0.49	9
nbacourt_1251_frame_0006_png.rf.833119	SNAPPED	0.49	15
nbacourt_1912_frame_0018_png.rf.4c5acc	SNAPPED	0.49	9
nbacourt_0499_frame_0002_png.rf.dc1fc4	SNAPPED	0.49	18
nbacourt_2186_frame_0002_png.rf.205c4e	KEPT	0.49	11
nbacourt_1425_frame_0007_png.rf.9c05ba	SNAPPED	0.49	13
nbacourt_1057_frame_0005_png.rf.852100	SNAPPED	0.49	15
nbacourt_2210_frame_0004_png.rf.8137e0	SNAPPED	0.49	13
nbacourt_1663_frame_0009_png.rf.aac00e	SNAPPED	0.49	14
nbacourt_1959_frame_0028_png.rf.3dadca	SNAPPED	0.49	11
nbacourt_0107_frame_0000_png.rf.c40c1f	SNAPPED	0.49	12
nbacourt_1614_frame_0009_png.rf.1d4655	SNAPPED	0.49	14
nbacourt_0587_frame_0003_png.rf.41fb1f	SNAPPED	0.49	14
nbacourt_0718_frame_0003_png.rf.d77aac	SNAPPED	0.49	15
nbacourt_0864_frame_0004_png.rf.8b1e85	SNAPPED	0.49	14
nbacourt_1899_frame_0017_png.rf.5d3068	SNAPPED	0.49	20
nbacourt_0622_frame_0003_png.rf.68302d	SNAPPED	0.49	14
nbacourt_1486_frame_0007_png.rf.f99c88	SNAPPED	0.49	15
nbacourt_2025_frame_0003_png.rf.40520f	SNAPPED	0.49	13
nbacourt_0353_frame_0002_png.rf.23c1d6	SNAPPED	0.49	13
nbacourt_0761_frame_0004_png.rf.16b4dc	SNAPPED	0.49	13
nbacourt_0822_frame_0004_png.rf.5b8f7f	SNAPPED	0.49	15
nbacourt_2163_frame_0017_png.rf.c7fac2	SNAPPED	0.49	15
nbacourt_1064_frame_0005_png.rf.8a6732	SNAPPED	0.49	12
nbacourt_2194_frame_0003_png.rf.6d64e8	SNAPPED	0.49	10
nbacourt_0711_frame_0003_png.rf.cf839c	SNAPPED	0.49	14
nbacourt_2251_frame_0011_png.rf.7e6c0a	SNAPPED	0.49	15
nbacourt_1333_frame_0006_png.rf.fd79b7	SNAPPED	0.49	15
nbacourt_0709_frame_0003_png.rf.ce92ff	SNAPPED	0.49	15
nbacourt_1579_frame_0008_png.rf.c66bed	SNAPPED	0.49	9
nbacourt_1156_frame_0005_png.rf.f0e704	SNAPPED	0.49	14
nbacourt_1052_frame_0005_png.rf.7edb1b	SNAPPED	0.49	12
nbacourt_1098_frame_0005_png.rf.b4b714	SNAPPED	0.49	12
nbacourt_2209_frame_0004_png.rf.7fb52a	SNAPPED	0.49	14
nbacourt_2071_frame_0005_png.rf.ab76c8	SNAPPED	0.49	11
nbacourt_0686_frame_0003_png.rf.b830c2	SNAPPED	0.49	16
nbacourt_0300_frame_0001_png.rf.d9d6aa	SNAPPED	0.49	13
nbacourt_1578_frame_0008_png.rf.c2b407	SNAPPED	0.48	15
nbacourt_0737_frame_0003_png.rf.f78390	SNAPPED	0.48	15
nbacourt_1953_frame_0025_png.rf.7a2ea6	SNAPPED	0.48	9
nbacourt_1459_frame_0007_png.rf.cb9d1e	SNAPPED	0.48	15
nbacourt_0023_frame_0000_png.rf.26a463	SNAPPED	0.48	14
nbacourt_1711_frame_0010_png.rf.5f94c7	SNAPPED	0.48	12
nbacourt_1039_frame_0005_png.rf.7047cc	SNAPPED	0.48	15
nbacourt_0141_frame_0001_png.rf.00803a	SNAPPED	0.48	12
nbacourt_0710_frame_0003_png.rf.ceb907	SNAPPED	0.48	14
nbacourt_0671_frame_0003_png.rf.a78871	SNAPPED	0.48	13
nbacourt_1657_frame_0009_png.rf.9296c8	SNAPPED	0.48	13
nbacourt_0774_frame_0004_png.rf.2367bc	SNAPPED	0.48	12
nbacourt_2079_frame_0006_png.rf.48d107	SNAPPED	0.48	11
nbacourt_0345_frame_0002_png.rf.115f3a	SNAPPED	0.48	15
nbacourt_1191_frame_0006_png.rf.1e36a4	SNAPPED	0.48	12
nbacourt_1465_frame_0007_png.rf.daf386	SNAPPED	0.48	12
nbacourt_0585_frame_0003_png.rf.3e3f44	SNAPPED	0.48	13
nbacourt_1264_frame_0006_png.rf.9ad78c	SNAPPED	0.48	13
nbacourt_2188_frame_0002_png.rf.683be1	SNAPPED	0.48	16
nbacourt_1368_frame_0007_png.rf.2b9f95	SNAPPED	0.48	15
nbacourt_1492_frame_0008_png.rf.048cca	SNAPPED	0.48	11
nbacourt_0306_frame_0001_png.rf.e656db	SNAPPED	0.48	13
nbacourt_0273_frame_0001_png.rf.b1f413	SNAPPED	0.48	13
nbacourt_1826_frame_0012_png.rf.f08a28	SNAPPED	0.48	9
nbacourt_1678_frame_0009_png.rf.d19199	SNAPPED	0.48	14
nbacourt_0625_frame_0003_png.rf.6b5229	SNAPPED	0.48	12
nbacourt_1921_frame_0019_png.rf.0be75c	SNAPPED	0.48	15
nbacourt_1552_frame_0008_png.rf.7ee4ec	SNAPPED	0.48	16
nbacourt_0891_frame_0004_png.rf.ac2194	SNAPPED	0.48	12
nbacourt_1067_frame_0005_png.rf.8d6006	SNAPPED	0.48	12
nbacourt_0347_frame_0002_png.rf.12a6ee	SNAPPED	0.48	18
nbacourt_0429_frame_0002_png.rf.864a5d	SNAPPED	0.48	15
nbacourt_1094_frame_0005_png.rf.b1d06c	SNAPPED	0.48	13
nbacourt_0373_frame_0002_png.rf.3f33ad	SNAPPED	0.48	15
nbacourt_1687_frame_0009_png.rf.f066da	SNAPPED	0.48	12
nbacourt_1002_frame_0005_png.rf.39a105	SNAPPED	0.48	14
nbacourt_0659_frame_0003_png.rf.9879db	SNAPPED	0.48	15
nbacourt_2171_frame_0000_png.rf.67a95c	SNAPPED	0.48	10
nbacourt_1988_frame_0000_png.rf.b18d88	SNAPPED	0.48	13
nbacourt_1733_frame_0010_png.rf.a6e78f	SNAPPED	0.48	15
nbacourt_1209_frame_0006_png.rf.40ac15	SNAPPED	0.47	14
nbacourt_2044_frame_0004_png.rf.3f198a	SNAPPED	0.47	12
nbacourt_0076_frame_0000_png.rf.90e088	SNAPPED	0.47	13
nbacourt_0654_frame_0003_png.rf.92d6d1	SNAPPED	0.47	17
nbacourt_0751_frame_0004_png.rf.0a0adb	SNAPPED	0.47	18
nbacourt_2161_frame_0016_png.rf.05e78b	SNAPPED	0.47	19
nbacourt_1480_frame_0007_png.rf.f1cf2a	SNAPPED	0.47	9
nbacourt_1535_frame_0008_png.rf.5bdb38	SNAPPED	0.47	14
nbacourt_1729_frame_0010_png.rf.962f7a	SNAPPED	0.47	11
nbacourt_1438_frame_0007_png.rf.aaf7ae	KEPT	0.47	16
nbacourt_0257_frame_0001_png.rf.9f9a80	SNAPPED	0.47	13
nbacourt_1609_frame_0009_png.rf.0f3b1b	SNAPPED	0.47	12
nbacourt_0721_frame_0003_png.rf.d90a11	SNAPPED	0.47	12
nbacourt_1922_frame_0019_png.rf.27bd88	SNAPPED	0.47	15
nbacourt_0638_frame_0003_png.rf.7b1e93	SNAPPED	0.47	12
nbacourt_1668_frame_0009_png.rf.b86c74	SNAPPED	0.47	15
nbacourt_1671_frame_0009_png.rf.bd4234	SNAPPED	0.47	15
nbacourt_0548_frame_0003_png.rf.118d6a	SNAPPED	0.47	13
nbacourt_0725_frame_0003_png.rf.dda7b7	SNAPPED	0.47	15
nbacourt_0653_frame_0003_png.rf.926e56	SNAPPED	0.47	12
nbacourt_0046_frame_0000_png.rf.56eba2	SNAPPED	0.47	13
nbacourt_1540_frame_0008_png.rf.5f17ba	SNAPPED	0.47	9
nbacourt_1431_frame_0007_png.rf.a06fd8	SNAPPED	0.47	16
nbacourt_1954_frame_0025_png.rf.d05135	SNAPPED	0.47	9
nbacourt_1767_frame_0011_png.rf.5be797	SNAPPED	0.47	15
nbacourt_0328_frame_0002_png.rf.00aacc	SNAPPED	0.47	16
nbacourt_1757_frame_0011_png.rf.18c0dd	SNAPPED	0.47	15
nbacourt_1794_frame_0011_png.rf.d53151	SNAPPED	0.47	15
nbacourt_0651_frame_0003_png.rf.91d730	SNAPPED	0.46	14
nbacourt_1388_frame_0007_png.rf.470bcc	SNAPPED	0.46	9
nbacourt_1943_frame_0021_png.rf.fbe460	SNAPPED	0.46	16
nbacourt_0284_frame_0001_png.rf.b9eee2	SNAPPED	0.46	15
nbacourt_0913_frame_0004_png.rf.caf6fa	SNAPPED	0.46	15
nbacourt_0171_frame_0001_png.rf.2afcec	SNAPPED	0.46	15
nbacourt_2250_frame_0011_png.rf.56e0b0	SNAPPED	0.46	16
nbacourt_1348_frame_0007_png.rf.0d9146	SNAPPED	0.46	14
nbacourt_0930_frame_0004_png.rf.e70f1b	SNAPPED	0.46	16
nbacourt_0858_frame_0004_png.rf.84760e	SNAPPED	0.46	13
nbacourt_0123_frame_0000_png.rf.e68297	SNAPPED	0.46	15
nbacourt_0667_frame_0003_png.rf.a41384	SNAPPED	0.46	15
nbacourt_0722_frame_0003_png.rf.d965c5	SNAPPED	0.46	13
nbacourt_0213_frame_0001_png.rf.5d200c	SNAPPED	0.46	13
nbacourt_1054_frame_0005_png.rf.8050d7	SNAPPED	0.46	13
nbacourt_0742_frame_0003_png.rf.fde623	SNAPPED	0.46	12
nbacourt_1405_frame_0007_png.rf.6f89cc	SNAPPED	0.46	18
nbacourt_2095_frame_0006_png.rf.e5f2f1	SNAPPED	0.46	15
nbacourt_0878_frame_0004_png.rf.a27480	SNAPPED	0.46	12
nbacourt_0291_frame_0001_png.rf.c98a31	SNAPPED	0.46	18
nbacourt_0302_frame_0001_png.rf.db4a15	SNAPPED	0.46	13
nbacourt_0852_frame_0004_png.rf.7afb45	SNAPPED	0.46	13
nbacourt_1935_frame_0020_png.rf.58c354	SNAPPED	0.45	15
nbacourt_1650_frame_0009_png.rf.869aa2	SNAPPED	0.45	14
nbacourt_1643_frame_0009_png.rf.781af1	SNAPPED	0.45	14
nbacourt_1685_frame_0009_png.rf.ea0350	SNAPPED	0.45	13
nbacourt_0314_frame_0001_png.rf.f1a946	SNAPPED	0.45	10
nbacourt_0767_frame_0004_png.rf.1b181c	SNAPPED	0.45	15
nbacourt_0876_frame_0004_png.rf.9c176b	SNAPPED	0.45	15
nbacourt_0736_frame_0003_png.rf.f52d0b	SNAPPED	0.45	13
nbacourt_1889_frame_0016_png.rf.852b95	SNAPPED	0.45	13
nbacourt_0760_frame_0004_png.rf.14d9e1	SNAPPED	0.45	12
nbacourt_1463_frame_0007_png.rf.d582d7	SNAPPED	0.45	9
nbacourt_1528_frame_0008_png.rf.47e17d	SNAPPED	0.45	12
nbacourt_1053_frame_0005_png.rf.80190c	SNAPPED	0.45	13
nbacourt_0312_frame_0001_png.rf.edea81	SNAPPED	0.45	12
nbacourt_0523_frame_0002_png.rf.ef74cf	SNAPPED	0.45	15
nbacourt_0613_frame_0003_png.rf.5ef6c5	SNAPPED	0.45	12
nbacourt_0995_frame_0005_png.rf.311023	SNAPPED	0.45	16
nbacourt_1406_frame_0007_png.rf.72d504	SNAPPED	0.45	9
nbacourt_2046_frame_0004_png.rf.8aeb5f	SNAPPED	0.45	11
nbacourt_0826_frame_0004_png.rf.5fa1c5	SNAPPED	0.45	14
nbacourt_1415_frame_0007_png.rf.863154	SNAPPED	0.45	14
nbacourt_1193_frame_0006_png.rf.1f3b3a	SNAPPED	0.45	12
nbacourt_0282_frame_0001_png.rf.b787b2	SNAPPED	0.45	15
nbacourt_0880_frame_0004_png.rf.a55c49	SNAPPED	0.45	14
nbacourt_1327_frame_0006_png.rf.f3a291	SNAPPED	0.45	15
nbacourt_2090_frame_0006_png.rf.b7eb38	SNAPPED	0.44	13
nbacourt_2024_frame_0003_png.rf.23a2ca	SNAPPED	0.44	14
nbacourt_0486_frame_0002_png.rf.c621b0	SNAPPED	0.44	15
nbacourt_0859_frame_0004_png.rf.84cb26	SNAPPED	0.44	13
nbacourt_0478_frame_0002_png.rf.bd45d6	SNAPPED	0.44	15
nbacourt_1235_frame_0006_png.rf.653354	SNAPPED	0.44	14
nbacourt_1387_frame_0007_png.rf.44cc8f	SNAPPED	0.44	12
nbacourt_0698_frame_0003_png.rf.c4e9a3	SNAPPED	0.44	15
nbacourt_1037_frame_0005_png.rf.6dfc1f	SNAPPED	0.44	12
nbacourt_2119_frame_0008_png.rf.4d5720	SNAPPED	0.44	15
nbacourt_1519_frame_0008_png.rf.316fbf	SNAPPED	0.44	12
nbacourt_1069_frame_0005_png.rf.91f5e2	SNAPPED	0.44	15
nbacourt_2009_frame_0002_png.rf.5e47a1	SNAPPED	0.44	13
nbacourt_0553_frame_0003_png.rf.15b616	SNAPPED	0.44	17
nbacourt_0994_frame_0005_png.rf.2e73cd	SNAPPED	0.44	13
nbacourt_2197_frame_0003_png.rf.c9db0f	SNAPPED	0.44	13
nbacourt_1249_frame_0006_png.rf.82441f	SNAPPED	0.44	15
nbacourt_1051_frame_0005_png.rf.7ecf99	SNAPPED	0.44	14
nbacourt_0468_frame_0002_png.rf.b06885	SNAPPED	0.44	13
nbacourt_0200_frame_0001_png.rf.516bf4	SNAPPED	0.44	18
nbacourt_0565_frame_0003_png.rf.26d8b5	SNAPPED	0.44	15
nbacourt_1127_frame_0005_png.rf.cdf318	SNAPPED	0.43	14
nbacourt_1570_frame_0008_png.rf.b6dfaa	SNAPPED	0.43	13
nbacourt_1322_frame_0006_png.rf.edb95e	SNAPPED	0.43	16
nbacourt_2048_frame_0004_png.rf.8d7a36	SNAPPED	0.43	15
nbacourt_2144_frame_0010_png.rf.f6e033	SNAPPED	0.43	15
nbacourt_0071_frame_0000_png.rf.8734de	SNAPPED	0.43	12
nbacourt_1918_frame_0018_png.rf.ef6e92	SNAPPED	0.43	9
nbacourt_1282_frame_0006_png.rf.b7ac5a	SNAPPED	0.43	15
nbacourt_1623_frame_0009_png.rf.384441	SNAPPED	0.43	13
nbacourt_0400_frame_0002_png.rf.5c255d	SNAPPED	0.43	14
nbacourt_0716_frame_0003_png.rf.d4fbb0	SNAPPED	0.43	15
nbacourt_0363_frame_0002_png.rf.34fb11	SNAPPED	0.43	15
nbacourt_1302_frame_0006_png.rf.d44dd0	SNAPPED	0.43	15
nbacourt_2117_frame_0008_png.rf.40e729	SNAPPED	0.43	12
nbacourt_1878_frame_0015_png.rf.0fe116	SNAPPED	0.42	18
nbacourt_1605_frame_0009_png.rf.04383f	SNAPPED	0.42	12
nbacourt_0185_frame_0001_png.rf.3dd537	SNAPPED	0.42	11
nbacourt_0820_frame_0004_png.rf.5b6c4d	SNAPPED	0.42	13
nbacourt_1882_frame_0015_png.rf.90ff56	SNAPPED	0.42	18
nbacourt_0104_frame_0000_png.rf.c1164c	SNAPPED	0.42	15
nbacourt_1483_frame_0007_png.rf.f754bf	SNAPPED	0.42	15
nbacourt_1866_frame_0014_png.rf.75aad1	SNAPPED	0.42	15
nbacourt_0702_frame_0003_png.rf.c718c2	SNAPPED	0.42	14
nbacourt_1055_frame_0005_png.rf.81cd0d	SNAPPED	0.42	15
nbacourt_1112_frame_0005_png.rf.bf80cc	SNAPPED	0.42	12
nbacourt_2123_frame_0008_png.rf.c5680c	SNAPPED	0.42	12
nbacourt_0846_frame_0004_png.rf.7418cb	SNAPPED	0.42	13
nbacourt_0039_frame_0000_png.rf.434c02	SNAPPED	0.42	15
nbacourt_2216_frame_0005_png.rf.ace6df	SNAPPED	0.41	9
nbacourt_1182_frame_0006_png.rf.0876ea	SNAPPED	0.41	16
nbacourt_1110_frame_0005_png.rf.be0b94	SNAPPED	0.41	10
nbacourt_0396_frame_0002_png.rf.58bce3	SNAPPED	0.41	16
nbacourt_1903_frame_0017_png.rf.9163b7	SNAPPED	0.41	20
nbacourt_1710_frame_0010_png.rf.563b27	SNAPPED	0.41	14
nbacourt_0649_frame_0003_png.rf.8a5a43	SNAPPED	0.41	15
nbacourt_0178_frame_0001_png.rf.37eee1	SNAPPED	0.41	15
nbacourt_0914_frame_0004_png.rf.d33f44	SNAPPED	0.41	14
nbacourt_1713_frame_0010_png.rf.619718	SNAPPED	0.41	12
nbacourt_0528_frame_0002_png.rf.f8ad84	SNAPPED	0.41	14
nbacourt_0849_frame_0004_png.rf.7908c9	SNAPPED	0.41	16
nbacourt_1641_frame_0009_png.rf.734c2a	SNAPPED	0.41	14
nbacourt_0906_frame_0004_png.rf.c5a45c	SNAPPED	0.41	13
nbacourt_0235_frame_0001_png.rf.7f1150	SNAPPED	0.41	13
nbacourt_0176_frame_0001_png.rf.36f0f7	SNAPPED	0.41	16
nbacourt_0079_frame_0000_png.rf.990f1e	SNAPPED	0.41	13
nbacourt_2032_frame_0003_png.rf.b3f6ff	SNAPPED	0.41	14
nbacourt_1236_frame_0006_png.rf.65a3b6	SNAPPED	0.40	15
nbacourt_0134_frame_0000_png.rf.f92972	SNAPPED	0.40	13
nbacourt_0215_frame_0001_png.rf.5fbd31	SNAPPED	0.40	16
nbacourt_0582_frame_0003_png.rf.3b8c1b	SNAPPED	0.40	13
nbacourt_0092_frame_0000_png.rf.b37d02	SNAPPED	0.40	14
nbacourt_2200_frame_0004_png.rf.022853	SNAPPED	0.40	10
nbacourt_2185_frame_0002_png.rf.02bae1	SNAPPED	0.40	13
nbacourt_1096_frame_0005_png.rf.b39bb0	SNAPPED	0.40	15
nbacourt_1715_frame_0010_png.rf.681aaa	SNAPPED	0.40	15
nbacourt_1883_frame_0015_png.rf.c1cdfb	SNAPPED	0.40	15
nbacourt_0959_frame_0005_png.rf.0bb9fb	SNAPPED	0.40	15
nbacourt_1577_frame_0008_png.rf.c237eb	SNAPPED	0.40	12
nbacourt_2034_frame_0003_png.rf.c78856	SNAPPED	0.39	13
nbacourt_0264_frame_0001_png.rf.a9f084	SNAPPED	0.39	15
nbacourt_0626_frame_0003_png.rf.6b8110	SNAPPED	0.39	12
nbacourt_1411_frame_0007_png.rf.7c375f	SNAPPED	0.39	14
nbacourt_0683_frame_0003_png.rf.b372f3	SNAPPED	0.39	12
nbacourt_0357_frame_0002_png.rf.2e7fca	SNAPPED	0.39	22
nbacourt_1990_frame_0000_png.rf.c9a81e	SNAPPED	0.39	16
nbacourt_0630_frame_0003_png.rf.6f336b	SNAPPED	0.39	13
nbacourt_2242_frame_0010_png.rf.9041f6	SNAPPED	0.39	9
nbacourt_1725_frame_0010_png.rf.8719f5	SNAPPED	0.38	13
nbacourt_0223_frame_0001_png.rf.6de64a	SNAPPED	0.38	16
nbacourt_2038_frame_0003_png.rf.db9815	SNAPPED	0.38	13
nbacourt_1419_frame_0007_png.rf.8a5ebc	SNAPPED	0.38	14
nbacourt_2219_frame_0006_png.rf.0942c7	SNAPPED	0.38	10
nbacourt_1018_frame_0005_png.rf.4e7397	SNAPPED	0.38	15
nbacourt_0294_frame_0001_png.rf.cfd8d8	SNAPPED	0.38	10
nbacourt_0981_frame_0005_png.rf.203893	SNAPPED	0.38	12
nbacourt_1374_frame_0007_png.rf.3823cd	SNAPPED	0.38	9
nbacourt_1942_frame_0021_png.rf.d1dbe5	SNAPPED	0.38	16
nbacourt_0388_frame_0002_png.rf.4e20d2	SNAPPED	0.38	15
nbacourt_0440_frame_0002_png.rf.8d44fd	SNAPPED	0.38	15
nbacourt_0562_frame_0003_png.rf.249fe9	SNAPPED	0.38	15
nbacourt_1429_frame_0007_png.rf.9f08a0	SNAPPED	0.38	14
nbacourt_0840_frame_0004_png.rf.70e9f4	SNAPPED	0.38	13
nbacourt_1335_frame_0007_png.rf.014fa4	SNAPPED	0.38	13
nbacourt_1151_frame_0005_png.rf.ec1637	SNAPPED	0.38	15
nbacourt_0632_frame_0003_png.rf.705285	SNAPPED	0.38	12
nbacourt_0319_frame_0001_png.rf.f99af4	SNAPPED	0.38	16
nbacourt_1638_frame_0009_png.rf.6c24f2	SNAPPED	0.37	15
nbacourt_2241_frame_0010_png.rf.2e7d67	SNAPPED	0.37	12
nbacourt_1326_frame_0006_png.rf.f2ad5e	SNAPPED	0.37	14
nbacourt_0170_frame_0001_png.rf.282605	SNAPPED	0.37	13
nbacourt_0836_frame_0004_png.rf.6cf3e8	SNAPPED	0.37	15
nbacourt_0504_frame_0002_png.rf.dff698	SNAPPED	0.37	15
nbacourt_1524_frame_0008_png.rf.408818	SNAPPED	0.37	15
nbacourt_0780_frame_0004_png.rf.297067	SNAPPED	0.37	13
nbacourt_0520_frame_0002_png.rf.eb59ec	SNAPPED	0.37	12
nbacourt_1500_frame_0008_png.rf.12826a	SNAPPED	0.37	13
nbacourt_0030_frame_0000_png.rf.30332f	SNAPPED	0.37	13
nbacourt_2120_frame_0008_png.rf.923fd0	SNAPPED	0.37	11
nbacourt_0115_frame_0000_png.rf.d76d77	SNAPPED	0.36	13
nbacourt_0100_frame_0000_png.rf.ba7038	SNAPPED	0.36	13
nbacourt_0943_frame_0004_png.rf.f7faff	SNAPPED	0.36	14
nbacourt_0334_frame_0002_png.rf.0821d6	SNAPPED	0.36	12
nbacourt_2145_frame_0011_png.rf.25b133	SNAPPED	0.36	15
nbacourt_1063_frame_0005_png.rf.89dd80	SNAPPED	0.36	15
nbacourt_0211_frame_0001_png.rf.5af967	SNAPPED	0.36	15
nbacourt_1279_frame_0006_png.rf.b6e710	SNAPPED	0.36	11
nbacourt_0938_frame_0004_png.rf.f26274	SNAPPED	0.36	15
nbacourt_1118_frame_0005_png.rf.c81ad4	KEPT	0.36	15
nbacourt_0274_frame_0001_png.rf.b29fa7	SNAPPED	0.36	14
nbacourt_0379_frame_0002_png.rf.477248	SNAPPED	0.35	14
nbacourt_1048_frame_0005_png.rf.7b5a55	SNAPPED	0.35	12
nbacourt_0663_frame_0003_png.rf.9e06b9	SNAPPED	0.35	15
nbacourt_2086_frame_0006_png.rf.a9f7ac	SNAPPED	0.35	15
nbacourt_1516_frame_0008_png.rf.30081b	SNAPPED	0.35	15
nbacourt_1020_frame_0005_png.rf.517af4	SNAPPED	0.35	15
nbacourt_1024_frame_0005_png.rf.5c01b3	SNAPPED	0.35	15
nbacourt_1079_frame_0005_png.rf.a586aa	SNAPPED	0.34	12
nbacourt_0648_frame_0003_png.rf.874fbe	SNAPPED	0.34	15
nbacourt_1666_frame_0009_png.rf.b42414	SNAPPED	0.34	15
nbacourt_1698_frame_0010_png.rf.1af236	SNAPPED	0.34	11
nbacourt_1565_frame_0008_png.rf.a7c4d1	SNAPPED	0.34	12
nbacourt_1640_frame_0009_png.rf.7195cb	SNAPPED	0.34	9
nbacourt_1598_frame_0008_png.rf.fa5eb6	KEPT	0.34	15
nbacourt_1534_frame_0008_png.rf.57646e	SNAPPED	0.34	15
nbacourt_2236_frame_0009_png.rf.9aea8d	SNAPPED	0.33	11
nbacourt_0394_frame_0002_png.rf.5651ba	SNAPPED	0.33	22
nbacourt_0536_frame_0003_png.rf.01d191	SNAPPED	0.33	15
nbacourt_1926_frame_0019_png.rf.79f64a	SNAPPED	0.33	15
nbacourt_0600_frame_0003_png.rf.55a893	SNAPPED	0.33	13
nbacourt_0645_frame_0003_png.rf.833fd1	SNAPPED	0.33	13
nbacourt_0882_frame_0004_png.rf.a7e78c	SNAPPED	0.33	15
nbacourt_1593_frame_0008_png.rf.e44eed	SNAPPED	0.33	13
nbacourt_0349_frame_0002_png.rf.151fee	SNAPPED	0.32	15
nbacourt_0739_frame_0003_png.rf.f91351	SNAPPED	0.32	13
nbacourt_1174_frame_0005_png.rf.ff59f5	SNAPPED	0.32	12
nbacourt_1743_frame_0010_png.rf.c5e7ab	SNAPPED	0.32	11
nbacourt_0448_frame_0002_png.rf.9b11a9	SNAPPED	0.32	15
nbacourt_0988_frame_0005_png.rf.25ee3e	SNAPPED	0.32	12
nbacourt_0570_frame_0003_png.rf.30b387	SNAPPED	0.31	13
nbacourt_1047_frame_0005_png.rf.7b5047	SNAPPED	0.31	15
nbacourt_2049_frame_0004_png.rf.93d03a	SNAPPED	0.31	13
nbacourt_0043_frame_0000_png.rf.4ea0e3	SNAPPED	0.31	15
nbacourt_0727_frame_0003_png.rf.dfb575	SNAPPED	0.30	15
nbacourt_0080_frame_0000_png.rf.9945d1	SNAPPED	0.30	14
nbacourt_0966_frame_0005_png.rf.101e2b	SNAPPED	0.29	16
nbacourt_1645_frame_0009_png.rf.7adb43	SNAPPED	0.29	12
nbacourt_0991_frame_0005_png.rf.2d2dca	SNAPPED	0.29	12
nbacourt_0260_frame_0001_png.rf.a5670c	SNAPPED	0.29	16
nbacourt_0062_frame_0000_png.rf.777618	SNAPPED	0.29	13
nbacourt_1619_frame_0009_png.rf.3437b7	SNAPPED	0.29	15
nbacourt_1633_frame_0009_png.rf.561385	SNAPPED	0.28	12
nbacourt_1008_frame_0005_png.rf.461a0a	SNAPPED	0.28	16
nbacourt_1686_frame_0009_png.rf.efac0a	SNAPPED	0.28	15
nbacourt_0045_frame_0000_png.rf.53ee2c	SNAPPED	0.27	15
nbacourt_0272_frame_0001_png.rf.b0d68f	SNAPPED	0.26	15
nbacourt_0462_frame_0002_png.rf.ad9378	SNAPPED	0.26	16
nbacourt_0120_frame_0000_png.rf.e37570	SNAPPED	0.26	13
nbacourt_2167_frame_0024_png.rf.f46861	SNAPPED	0.26	10
nbacourt_0403_frame_0002_png.rf.5f2089	SNAPPED	0.26	16
nbacourt_0522_frame_0002_png.rf.ed9f28	SNAPPED	0.25	14
nbacourt_2139_frame_0010_png.rf.82f361	SNAPPED	0.25	15
nbacourt_0066_frame_0000_png.rf.7e8016	SNAPPED	0.24	15
nbacourt_0275_frame_0001_png.rf.b41977	SNAPPED	0.24	15
nbacourt_0237_frame_0001_png.rf.831dc0	SNAPPED	0.24	15
nbacourt_0512_frame_0002_png.rf.e53bfe	SNAPPED	0.24	14
nbacourt_1813_frame_0012_png.rf.78c2f9	SNAPPED	0.21	12
nbacourt_1277_frame_0006_png.rf.b56ca5	SNAPPED	0.20	15
nbacourt_0477_frame_0002_png.rf.bc6522	SNAPPED	0.18	14
nbacourt_2027_frame_0003_png.rf.4ced6c	KEPT	0.18	15
nbacourt_2054_frame_0004_png.rf.be1d64	SNAPPED	0.14	15
nbacourt_2254_frame_0012_png.rf.eea7bd	SNAPPED	0.14	12
